RNTI 1 MCS:,24,24,24,22,22,22,22,22,22,22,22,22,22,22,22,22,22,22,22,22,22,22,22,20,20,20,20,20,22,22,22,22,22,22,22,22,22,20,22,22,22,22,22,20,22,20,20,20,20,20,22,22,22,22,22,24,24,24,24,24,24,24,24,24,24,24,24,24,24,24,24,24,24,26,26,26,26,26,26,26,26,26,26,26,26,26,26,26,26,26,26,26,26,26,26,26,26,26,26,28,28,26,26,26,26,26,26,26,26,26,26,28,26,28,28,28,28,28,28,28,28,28,28,28,28,26,26,26,26,26,26,28,28,28,26,26,26,26,26,26,26,26,26,26,26,26,26,26,26,26,28,28,26,28,26,26,26,26,26,26,26,26,26,26,26,26,26,26,26,26,26,26,26,26,26,26,26,26,26,26,26,26,26,26,26,26,26,26,26,26,26,26,26,26,26,26,26,26,26,26,26,26,26,26,26,26,26,26,26,26,26,26,26,26,26,26,26,26,26,26,26,26,26,26,26,26,26,26,26,26,26,26,26,26,26,26,26,26,26,26,26,26,24,26,26,26,26,26,26,26,26,26,26,26,26,26,26,26,26,24,26,24,24,26,26,26,26,26,26,26,26,26,26,26,26,26,26,26,26,26,26,26,26,26,26,26,26,26,26,26,26,26,26,26,26,26,26,26,26,28,26,28,28,28,28,28,28,28,28,28,28,28,28,28,28,28,28,28,28,28,28,28,28,28,28,28,28,28,28,28,28,28,28,28,28,28,28,28,28,28,28,28,28,28,28,28,28,28,28,28,28,28,28,28,28,28,28,28,28,28,28,28,28,28,28,28,28,28,28,28,28,28,28,28,28,28,28,28,28,28,28,28,28,28,28,28,28,28,28,28,28,28,28,28,28,28,28,28,28,28,28,28,28,28,28,28,28,28,28,28,28,28,28,28,28,28,28,28,28,28,28,28,28,28,28,28,28,28,28,28,28,28,28,28,28,28,28,28,28,28,28,28,28,28,28,28,28,28,28,28,28,28,28,28,28,28,28,28,28,28,28,28,28,28,28,28,28,28,28,28,28,28,28,28,28,28,28,28,28,28,28,28,28,28,28,28,28,28,28,28,28,28,28,28,28,28,28,28,28,28,28,28,28,28,28,28,28,28,28,28,28,28,28,28,28,28,28,28,28,28,28,28,28,28,28,28,28,28,28,28,28,28,28,28,28,28,28,28,28,28,28,28,28,28,28,28,28,28,28,28,28,28,28,28,28,28,28,28,28,28,28,28,28,28,28,28,28,28,28,28,28,28,28,28,28,28,28,28,28,28,28,28,28,28,28,28,28,28,28,28,28,28,28,28,28,28,28,28,28,28,28,28,28,28,28,28,28,28,28,28,28,28,28,28,28,28,28,28,28,28,28,28,28,28,28,28,28,28,28,28,28,28,28,28,28,28,28,28,28,28,28,28,28,28,28,28,28,28,28,28,28,28,28,28,28,28,28,28,28,28,28,28,28,28,28,28,28,28,28,28,28,28,28,28,28,28,28,28,28,28,28,28,28,28,28,28,28,28,28,28,28,28,28,28,28,28,28,28,28,28,28,28,28,28,28,28,28,28,28,28,28,28,28,28,28,28,28,28,28,28,28,28,28,28,28,28,28,28,28,28,28,28,28,28,28,28,28,28,28,28,28,28,28,28,28,28,28,28,28,28,28,28,28,28,28,28,28,28,28,28,28,28,28,28
RNTI 1 SINR:,19.8763,19.2621,18.8318,17.6476,17.2565,16.7871,16.8496,16.9397,17.2036,16.8232,16.767,16.7364,16.5971,16.8119,16.8784,16.6186,16.9757,17.0938,17.0441,17.0525,17.0699,17.0432,16.2125,15.4291,15.7205,15.9314,16.0547,16.1516,16.5592,17.5515,17.65,17.5251,17.5903,17.309,16.6753,16.4566,16.3958,15.9425,16.6107,16.5399,16.4553,16.3267,16.2341,15.9553,16.0759,15.8243,15.6619,15.5657,15.8839,15.894,16.146,16.1511,16.3696,16.2633,16.2758,18.2084,18.2646,19.1545,19.2158,18.9525,19.0133,18.7899,18.645,18.7303,18.846,18.9412,19.2343,19.0602,19.1081,19.1863,19.1561,19.3266,19.3804,20.2346,20.2649,19.9566,21.2615,22.8325,22.808,22.9871,23.0471,23.1267,22.737,22.5366,22.2421,22.3109,22.2656,22.1785,22.2162,22.0977,22.2019,22.5287,21.4852,22.4437,22.6717,23.1723,23.0826,23.2612,23.1438,23.9367,23.9913,23.7471,22.9482,22.7084,22.7384,22.7769,22.905,22.7759,22.8047,23.1633,23.5244,23.8835,23.792,23.9782,24.004,23.8872,23.7981,24.0928,23.8228,24.0134,23.9608,24.1308,24.3543,25.4752,25.5148,23.3394,23.3939,23.374,22.8696,22.9925,23.2224,23.8755,24.1447,24.512,23.7841,23.8081,23.5837,23.5578,22.5946,22.7096,22.765,22.611,22.6999,23.1323,23.1113,23.8915,23.1927,22.1362,22.1496,22.9211,23.9631,23.93,23.9166,23.9744,23.6115,23.8515,23.8188,23.4768,23.2886,23.4794,22.986,23.0521,23.0174,22.5762,22.5913,22.752,22.413,22.3785,22.1239,22.1465,22.0791,22.2947,22.5246,22.468,22.5055,22.7349,22.8804,22.1792,22.4201,22.3309,22.4886,22.2662,22.1227,22.0136,22.1611,21.6538,21.8167,21.776,22.9069,22.423,22.3762,21.649,21.5812,21.5164,21.3874,23.3379,23.3709,23.4022,23.3494,22.7968,22.8045,22.8474,22.8818,22.6582,22.4754,22.5044,22.6122,22.3797,22.2047,22.0333,22.2085,22.3731,22.4185,22.3363,22.1073,22.1411,22.4141,23.499,23.6762,23.2195,22.3081,22.4233,22.9289,22.8843,22.9291,22.8904,22.614,22.4278,21.0618,20.9668,20.5118,20.3103,20.5567,20.562,20.6745,20.4852,21.0015,20.8971,20.7244,20.7663,20.7234,20.2987,20.0,20.628,20.7687,20.7069,20.8415,20.8098,21.1151,21.5046,21.253,21.0634,21.216,20.9618,21.0386,21.2493,21.0008,20.5409,21.0018,20.1496,20.0014,20.0512,20.0222,20.8965,20.8357,21.8937,22.2623,22.5682,22.7167,22.2002,22.3169,22.5446,23.0013,23.1606,22.7876,22.4746,22.2673,22.5177,22.8813,22.8611,22.9468,22.7963,22.503,22.6355,22.503,22.625,22.5146,22.5888,22.5401,22.5571,22.601,22.7769,22.6404,22.7818,22.6927,22.4907,22.3829,22.361,23.9049,23.9112,23.8978,25.662,25.3645,25.7167,25.7628,25.812,26.612,26.5821,29.2625,29.056,29.2845,30.684,30.7468,30.8302,30.8341,30.8023,30.4997,31.1465,31.2404,31.5013,31.8658,32.0338,31.7086,31.6647,31.5579,31.4882,31.5002,31.4859,32.1277,32.2608,32.1783,32.1444,31.099,31.4142,31.3326,31.4145,31.4189,31.5745,31.5326,31.4524,31.6195,31.1921,31.2036,31.1693,31.1647,31.2592,31.2881,31.174,31.1199,31.3667,31.1684,30.7656,30.8081,30.4795,30.5061,30.6762,30.7503,30.7624,30.5293,30.6911,30.5855,30.5391,30.482,30.4217,30.1604,30.3612,30.2306,30.0657,29.9084,29.8259,30.4386,30.3664,30.6181,30.4079,30.0151,30.656,29.9813,30.1887,30.3993,30.2717,30.0769,30.0334,30.0102,30.0161,30.0696,29.7972,29.862,29.7861,29.5598,29.5716,29.5481,29.551,29.713,29.6362,29.3804,29.409,28.9125,29.1303,28.9881,29.0972,29.2491,29.2737,29.4425,28.9734,29.833,29.7857,29.766,29.6995,29.68,29.6204,29.4888,29.2444,29.2296,29.1028,29.0634,29.2593,29.3822,29.6976,29.9189,29.7624,29.7738,30.0403,30.0037,30.0778,30.778,30.7577,30.7217,30.6757,30.4328,30.4177,30.2059,30.5151,28.5221,28.6693,28.6481,28.5866,28.4025,28.0253,28.2573,28.375,28.6488,28.6902,28.8911,28.9108,28.5303,28.4588,28.4973,28.5139,28.8649,28.9096,29.1878,28.8977,28.8224,28.8354,28.8191,28.9003,28.9966,28.8218,28.8414,28.7392,28.8077,28.7097,28.7758,28.6998,28.5613,28.4459,28.4271,28.2857,28.177,27.9028,27.7767,27.6933,28.1294,28.4341,28.1112,28.2572,28.1041,28.169,28.0255,28.1929,30.5268,30.66,30.2669,30.2317,29.9382,29.7641,29.6337,29.6299,28.7985,28.552,28.5539,28.7963,28.8356,28.9254,28.9404,28.9582,29.0364,28.7285,28.8131,28.8496,28.7031,28.7432,28.6948,26.5032,27.2776,27.3142,27.2013,27.2186,27.1068,26.9373,26.6256,25.9762,25.9835,25.9804,25.9819,25.7959,25.6207,25.6281,25.8037,25.7922,25.598,25.758,27.0003,28.3871,27.6087,27.3977,27.9509,27.7605,27.3338,27.5763,28.4925,28.5568,29.1199,29.4252,29.3292,30.0607,29.7714,29.7309,29.8277,28.8465,29.2859,29.2395,29.2789,29.2927,29.2569,29.1357,29.0927,29.0573,29.061,29.2137,29.3557,29.139,29.2785,29.3967,29.3054,29.4638,29.4424,29.109,30.0329,30.3254,30.3438,29.3872,29.4507,29.5258,29.4502,29.5766,29.8139,29.487,29.4462,29.2779,29.2456,30.5254,30.718,30.5804,30.4679,30.6603,30.5719,30.3792,30.4257,30.3509,29.6012,29.4008,29.3592,29.1905,29.0278,28.9852,29.1854,29.3557,29.4592,29.3714,29.0892,31.0114,31.0155,31.1223,31.0085,32.1749,32.0192,31.7302,31.9227,32.1728,32.5756,32.6791,33.0054,34.1724,35.8477,35.8953,35.5503,35.4244,35.4623,35.6283,35.2885,35.7239,34.913,35.4871,35.5372,35.598,35.7792,35.8745,36.0188,35.9866,36.2441,36.1323,36.125,36.0284,36.0102,35.9827,35.1007,35.1465,35.3379,33.742,33.6164,33.887,31.7441,31.9304,32.0396,31.7602,31.8847,31.8707,32.6775,32.6129,32.4791,32.2942,32.2325,32.1398,32.2891,32.2866,32.0402,31.9923,32.28,32.0954,33.3547,33.9792,33.8932,33.8178,33.819,33.7474,33.5046,33.4574,33.7528,33.76,33.9364,33.3524,32.2588,32.1191,31.8968,32.6251,32.6861,32.3761,32.3337,32.0859,31.8393,31.5867,31.8062,31.9498,31.972,31.7796,31.4843,31.7026,32.0119,32.0216,32.1596,32.037,32.1293,31.9467,31.7906,32.8411,32.741,32.6896,32.5614,32.5779,32.9124,32.2968,32.3048,31.6502,32.2262,32.319,31.8824,31.1981,31.7295,31.6923,32.5777,32.7898,32.7844,32.6738,32.1243,32.0215,31.9419,31.9229,30.8596,30.0418,30.0202,31.4241,31.7064,31.4649,31.2216,32.3461,32.356,32.41,31.863,32.083,31.9896,31.8818,31.7211,31.6436,31.4129,31.4138,32.2199,32.2599,32.1914,32.4741,32.3832,32.3823,32.0554,32.125,32.3736,32.0097,31.9943,31.9936,31.8658,32.0462,31.8589,32.2897,31.9971,32.0934,32.6999,32.5157,31.8628,30.9472,30.8479,30.7166,30.7946,30.8345,30.0944,30.0691,30.2838,29.4069,28.9619,27.9052,27.83,28.0765,27.7724,28.1746,28.2104,27.5125
"RNTI 1 Length, Avg, Std:",764,MCS Avg: 26.90,MCS Std: 1.81,SINR Avg: 26.86,SINR Std: 5.09
RNTI 2 MCS:,28,28,28,28,28,28,28,28,28,26,28,28,26,26,26,26,26,26,26,26,26,26,26,26,26,26,26,26,26,26,26,26,26,26,26,26,26,26,26,26,26,26,26,26,26,26,26,26,26,26,26,26,26,26,26,26,26,26,26,26,26,26,26,26,26,26,26,26,26,26,26,26,26,26,26,26,26,26,26,26,26,26,26,26,26,26,26,26,26,26,26,26,26,26,26,26,26,26,26,26,26,26,26,26,26,26,26,26,26,26,26,26,26,26,26,26,26,26,26,26,26,26,26,26,26,26,26,26,26,26,26,26,26,26,26,24,26,26,24,24,24,24,24,24,24,24,24,24,24,24,24,24,24,24,24,24,24,24,24,24,24,24,24,24,24,24,24,24,24,24,24,24,24,24,24,24,24,24,22,24,24,24,24,24,24,24,24,24,24,24,24,24,24,24,22,22,22,24,24,22,24,24,24,24,24,24,24,24,24,24,24,24,24,24,24,24,24,24,24,24,24,22,22,22,22,22,22,22,22,24,24,22,22,22,22,22,22,22,22,20,22,20,20,20,20,20,20,20,22,22,22,22,22,22,22,22,22,22,22,22,22,22,22,22,24,22,22,22,22,22,22,22,22,22,22,22,22,22,22,22,22,22,22,22,22,22,22,24,24,24,26,26,26,26,26,26,26,26,26,26,28,26,26,26,28,28,28,28,26,26,26,26,26,26,26,26,26,26,26,26,26,26,28,26,28,26,28,28,28,28,28,28,28,28,28,28,28,28,28,28,28,28,28,28,28,28,28,28,28,28,28,28,28,28,28,28,28,28,28,28,28,28,28,28,28,28,28,28,28,28,28,28,28,28,28,28,28,28,28,28,28,28,28,28,28,28,28,28,28,28,28,28,28,28,28,28,28,28,28,28,28,28,28,28,28,28,28,28,28,28,28,28,28,28,28,28,28,28,28,28,28,28,28,28,28,28,28,26,26,26,26,26,26,26,26,26,26,24,24,24,24,26,26,26,26,26,26,26,26,26,26,26,26,26,26,26,26,26,26,26,26,26,24,24,24,24,24,24,24,24,24,24,24,24,24,24,24,24,24,24,24,24,24,24,24,24,24,24,24,22,22,22,24,22,22,22,22,22,22,22,22,20,18,20,18,18,20,18,18,18,20,20,20,22,22,24,22,24,24,24,24,24,24,24,24,24,24,24,24,24,24,24,24,24,22,24,24,22,24,22,24,24,24,24,24,24,24,24,24,24,24,24,24,24,24,24,26,26,26,26,26,26,26,26,26,26,26,26,26,26,26,26,26,26,26,26,28,28,28,28,28,26,26,26,26,26,26,26,26,26,26,26,26,26,26,26,26,26,26,26,26,24,24,24,24,24,24,24,24,24,24,24,26,26,26,26,24,24,26,26,24,24,24,24,24,24,24,24,22,22,22,22,22,22,22,22,22,22,22,22,22,22,24,22,24,24,24,24,24,24,24,24,24,24,24,24,24,24,24,24,24,24,24,24,26,26,26,26,26,26,26,26,26,26,26,26,26,26,26,24,24,24,24,24,24,26,26,26,26,26,24,24,24,24,24,24,24,24,22,24,24,24,24,22,22,22,22,22,24,24,24,24,24,24,24,24,24,24,24,24,24,24,24,22,22,22,22,22,24,22,22,22,24,24,22,22,22,22,22,22,22,22,22,22,20,22,22,22,22,22,22,22,22,22,22,20,20,20,20,22,20,20,20,20,20,20,20,20,20,20,20,20,20,20,18,18,18,18,15
RNTI 2 SINR:,26.7718,24.5205,24.5224,24.5172,24.1408,24.19,23.9007,23.8529,23.7346,23.5187,23.6494,23.6973,23.3905,23.2654,23.2744,23.4282,23.4451,23.2028,23.3886,23.281,22.85,22.7747,22.3467,22.3108,22.3016,22.0459,22.2373,21.6438,21.991,21.9797,21.5323,21.7049,22.478,22.4734,22.3489,21.3344,21.3994,21.2545,20.5733,19.937,20.6173,20.4609,20.624,21.0501,21.032,21.0803,21.0282,20.8737,21.8399,21.9165,23.0514,23.2992,23.4233,23.4103,23.371,23.4174,23.1675,23.1477,23.2113,23.1315,23.101,22.5778,22.0578,22.0879,22.0832,22.0177,21.8702,21.9626,21.9805,22.0835,22.0816,22.1347,21.9607,21.9959,21.9247,21.9923,21.606,21.7867,21.6335,21.5666,21.8039,21.7837,22.1298,21.5529,21.678,21.701,21.6817,21.8451,21.9318,21.8298,21.9609,22.0086,22.2562,22.1388,22.2767,22.2097,22.1694,22.1513,22.3618,22.4481,22.4922,22.583,22.3573,22.2,22.1996,22.11,22.1105,21.9813,22.2819,22.0576,22.2219,22.3645,22.1482,22.4499,22.3718,22.1425,22.0094,21.9179,21.8342,21.7466,21.4712,20.9786,21.125,21.0993,21.0473,21.1816,21.0149,21.0522,20.8483,20.7285,20.9304,20.9281,21.1112,21.2211,21.3516,19.9058,19.9943,19.8077,19.4809,18.858,19.0153,19.2297,19.2361,19.322,19.4933,19.3353,19.2581,19.3616,19.5021,19.1522,18.6531,18.7695,18.9552,19.0481,18.5659,18.2441,18.1974,18.3131,19.4015,19.6853,19.6746,19.572,18.9672,18.8944,18.8201,18.5598,18.7571,19.0166,18.9252,18.7749,18.6912,19.2942,19.2216,19.2412,18.6775,18.7068,18.7225,18.4802,17.8972,18.0753,18.8267,19.1086,19.0533,19.0072,18.8185,19.2562,19.3064,19.3297,18.9303,18.8291,18.6995,18.5667,18.7487,18.0589,17.8214,17.8676,17.5836,18.8924,18.0587,17.8901,18.5643,18.5462,18.4511,19.0174,19.189,18.9444,18.1071,18.1453,18.3748,18.5086,18.839,19.0692,18.9056,18.943,18.9189,18.779,18.2721,18.2146,18.1041,18.5915,18.0431,17.5033,17.3188,17.7601,17.6641,17.738,17.7636,17.6505,17.7448,17.9993,18.0851,16.9434,16.5441,16.4422,16.5875,17.3461,17.1718,16.4683,16.181,15.5936,16.0501,15.792,15.5792,15.5019,15.3059,15.4058,15.4788,15.3558,16.4071,16.5344,16.3224,16.387,16.4081,16.3439,16.2612,16.3759,16.4914,16.8949,17.0606,17.234,17.185,17.2246,17.0101,17.4409,18.0192,17.9481,17.6608,17.7063,17.308,17.2233,17.2069,17.3025,16.9294,17.7666,17.7828,16.6239,16.6831,16.765,16.8674,16.6411,16.7846,16.7079,16.5267,16.2163,16.3207,17.4937,18.0906,18.489,18.674,18.6252,20.12,20.76,21.6749,21.8145,22.3128,22.513,22.4463,23.0456,23.4417,23.1813,23.7478,23.5299,23.5859,23.3622,23.5938,23.6741,23.593,23.6451,23.4029,23.439,23.1323,23.5029,22.9797,23.033,22.979,22.9184,22.9769,23.1721,23.313,23.2848,23.4962,23.4716,23.4972,23.5058,23.5849,23.5454,24.6863,24.8523,25.7494,26.0872,25.8601,26.0424,26.0548,26.029,25.9135,25.0751,25.1635,25.0348,24.9066,25.0701,25.0499,25.1173,25.2369,25.3123,25.1175,25.8329,25.9618,25.8409,26.0026,26.0051,26.0615,25.9526,25.8309,25.7166,25.4544,25.4368,25.1553,24.9969,24.736,24.5817,24.6489,24.7092,24.6617,24.3871,24.4416,24.413,24.4164,24.6744,24.7289,24.9667,24.8795,24.8094,25.0933,25.4051,25.2006,25.2256,25.2451,25.5508,25.5061,25.4797,25.5091,25.5906,26.9962,26.8934,26.9819,26.6056,27.5158,27.5648,25.9364,25.8464,25.6568,25.4915,25.5427,25.378,25.3439,25.2891,25.2471,25.3841,25.4457,25.4629,25.2304,25.3343,25.9661,27.5894,27.4042,27.6385,27.632,27.4743,27.5932,27.4639,27.3428,27.2569,27.3722,27.3684,27.5051,26.2857,26.1597,26.0279,25.9839,25.986,26.095,25.945,25.8527,25.7421,24.9022,23.7969,23.7627,21.8884,22.0505,22.0457,22.231,22.159,22.226,22.2692,22.1626,22.2355,22.2327,19.7242,19.6472,19.6296,19.199,20.4262,20.6714,21.2186,21.1797,20.3211,20.4539,20.2949,20.3754,20.3359,20.0152,20.2815,20.2794,20.2818,20.0786,20.1481,20.1964,20.4234,20.5173,20.4743,20.1817,20.0244,19.7274,18.8533,18.7618,18.8031,18.6572,18.7079,18.6989,18.8131,18.8073,18.7664,18.8497,18.9172,18.6701,18.7823,18.6479,18.8218,18.9236,18.8859,18.5768,17.9229,18.0526,19.2149,18.9621,17.9402,17.9428,17.9715,18.0613,17.7017,17.6101,17.7161,18.0296,17.5852,17.5417,17.4559,17.3944,17.063,17.1995,17.1273,17.0419,14.6156,14.3604,14.2555,14.1321,14.2259,14.2016,14.1827,14.1654,14.1911,14.3421,14.5666,14.7034,16.0595,17.9265,18.0716,17.8878,18.0793,18.0631,18.3522,18.3049,18.223,18.6222,18.5838,18.881,18.881,18.7794,18.8719,19.2507,18.2126,18.0305,18.1443,18.077,18.0087,17.7866,18.0482,17.9885,17.852,18.14,17.853,18.138,18.0841,18.2139,18.1305,18.0838,17.9386,18.5091,18.2972,19.3409,19.6533,19.5763,19.5257,19.5837,19.6236,19.703,19.7124,21.0053,20.7788,20.7886,21.6508,21.5515,21.7242,21.8929,21.8015,22.0104,21.7728,21.8085,21.917,21.8782,21.8025,21.89,21.899,21.857,21.8216,21.9412,22.2394,23.983,23.9988,23.736,23.7173,23.4409,22.8969,22.712,22.835,22.6874,22.8392,21.6408,20.4204,20.3881,20.6035,20.0513,19.9421,20.0331,20.0419,20.81,20.9045,20.7729,20.6241,20.1839,20.2831,20.1742,19.6806,19.9226,19.9091,19.8193,19.7971,19.7247,19.793,19.7139,19.3471,19.3452,19.2593,19.8584,20.5222,20.786,20.5484,19.4413,20.0379,20.038,20.037,19.8861,19.8047,19.3757,19.1519,19.3415,19.0783,19.145,19.0119,17.8966,17.0641,16.9463,17.0342,16.9842,16.7895,17.1816,17.0325,17.0787,17.0321,17.2953,16.1559,16.3293,16.2593,18.0807,17.9145,18.1051,18.065,18.2811,18.2809,18.8127,18.7596,18.8489,18.531,18.5616,18.4972,18.8054,18.6192,18.5847,18.9079,19.0642,19.019,18.9025,18.959,19.7107,20.0041,19.9692,20.2927,20.211,20.0964,20.2207,20.4766,20.6499,20.0237,20.2645,19.9751,20.0193,20.1482,20.1675,19.9019,19.9064,19.5599,19.6519,19.5669,19.8832,19.7547,19.9514,19.9926,19.9633,20.3747,20.6399,20.7371,19.1322,19.049,19.0898,19.3168,19.4639,19.4402,18.4656,18.1362,18.0439,17.9034,18.0275,18.1196,18.2072,17.3418,17.1637,17.2029,17.5333,17.98,18.0816,18.0309,18.9836,18.7755,18.9035,18.665,18.3605,18.5092,18.6332,18.5818,18.02,18.1161,18.1674,18.1861,18.2011,17.9498,17.9708,17.5923,17.4671,17.3977,17.877,17.7221,17.8399,17.7873,18.0349,18.1071,17.1701,16.8991,17.1567,17.1283,17.0458,17.1541,17.3632,17.1103,17.0263,16.6033,15.4738,16.0828,16.1869,16.3165,16.0708,16.6138,16.6025,16.4765,16.3813,16.1964,16.1456,15.6367,15.7571,15.6434,15.7507,16.1124,15.849,15.1619,15.435,15.6658,15.5179,14.9588,15.1499,15.2253,14.7591,14.715,14.4796,14.5107,14.4244,14.3079,14.0002,13.6736,13.4335,13.3492,11.7971
"RNTI 2 Length, Avg, Std:",779,MCS Avg: 24.70,MCS Std: 2.29,SINR Avg: 20.28,SINR Std: 3.09
RNTI 3 MCS:,22,22,22,22,22,22,22,22,20,20,20,20,20,20,20,20,20,20,20,20,20,20,18,18,18,18,18,18,18,18,15,18,18,18,18,18,15,18,18,18,18,18,18,18,15,15,15,15,15,13,13,13,13,13,13,15,18,18,18,20,20,20,20,20,20,20,20,20,20,20,20,20,20,20,20,22,22,22,22,22,22,22,22,22,22,24,22,24,24,24,24,24,26,26,24,24,26,24,24,26,26,26,26,26,26,26,26,26,26,26,26,26,26,26,26,26,26,26,26,26,26,26,26,26,26,26,26,26,26,26,26,26,26,26,26,26,26,26,26,26,26,26,26,28,28,26,28,26,26,26,26,28,28,28,28,28,26,26,26,26,26,26,28,28,28,26,28,28,26,26,26,26,26,26,26,26,26,26,26,26,26,26,26,26,26,26,28,28,28,28,28,28,28,28,28,28,28,28,28,28,28,28,28,28,28,28,28,28,28,28,28,28,28,28,28,28,28,28,28,28,28,28,28,28,28,28,28,28,28,26,26,26,26,26,26,28,28,28,28,28,28,28,28,28,28,28,28,28,28,28,28,28,28,28,28,28,28,26,28,28,28,28,28,28,28,28,28,28,28,28,28,26,26,26,26,26,26,26,26,26,26,26,26,26,26,26,28,28,26,26,26,26,26,26,26,26,26,26,26,26,26,26,26,26,26,26,26,26,26,26,26,26,26,26,26,26,26,26,26,26,26,26,26,26,26,26,26,26,26,26,26,26,26,26,26,26,26,26,24,24,24,26,24,24,24,26,26,26,26,26,26,26,26,26,26,26,26,26,26,26,26,26,26,26,26,26,26,26,26,26,26,26,26,26,26,26,26,26,26,26,26,26,24,24,26,26,26,26,26,26,26,26,26,26,26,26,26,26,26,26,26,26,26,26,26,26,26,26,26,26,26,26,26,26,26,26,26,26,26,26,26,26,26,26,26,26,26,26,26,26,26,26,26,26,26,26,26,24,24,26,26,26,26,26,24,24,24,24,24,24,24,24,24,24,24,26,26,26,26,26,26,26,26,26,26,26,24,24,24,24,24,26,26,24,24,24,26,26,24,24,24,24,24,24,24,24,26,24,24,24,24,24,24,24,26,26,26,26,26,26,24,24,24,24,24,24,24,24,22,24,22,22,22,22,22,22,22,22,22,22,22,22,22,22,22,22,22,22,22,22,22,24,24,24,24,24,24,24,24,24,24,24,22,22,22,22,22,22,22,22,22,22,22,22,24,24,24,24,22,22,22,22,24,24,26,26,26,26,26,26,26,26,26,26,26,26,26,26,24,24,24,22,24,24,24,24,22,24,24,24,22,22,22,22,22,24,22,22,24,24,24,24,24,22,22,24,24,24,24,24,24,24,26,26,26,26,26,26,26,26,26,26,26,26,26,26,26,26,26,26,26,26,26,26,26,26,26,26,26,26,26,26,26,26,26,26,26,26,24,26,26,26,26,26,26,26,26,26,26,26,26,26,26,26,26,26,26,26,26,26,26,26,26,26,26,26,26,26,26,26,26,26,26,28,26,28,28,28,28,28,28,28,28,28,28,28,28,28,28,28,28,28,28,28,28,28,28,28,28,28,28,28,28,28,28,28,28,28,28,26,26,26,26,26,24,26,26,26,26,24,24,24,24,24,24,24,24,24,24,24,22,22,22,22,22,22,20,20
RNTI 3 SINR:,16.4378,16.4564,16.3404,16.4504,16.261,16.2916,16.2789,16.2113,15.4427,15.6201,15.6166,15.6571,15.4098,15.4619,15.4775,15.6174,15.7575,15.4102,15.4309,15.4954,15.694,15.4523,13.4729,13.4837,13.4835,13.0081,13.1462,12.9833,12.7959,12.595,12.6846,12.7015,12.7764,12.6836,12.7131,12.4298,12.523,12.5932,12.6897,12.9194,12.77,12.9238,13.0387,12.9511,12.128,12.055,11.968,11.678,11.4926,9.77478,10.2725,10.3882,10.4787,10.3856,10.4217,12.3896,13.2451,13.0908,13.587,14.4082,15.043,14.8226,14.8062,14.7527,14.5625,15.2654,15.397,15.4928,15.3979,15.2096,15.1996,15.1111,15.1545,15.3396,15.6679,16.9856,16.9972,16.5683,16.4928,16.2966,16.137,16.2376,16.3647,16.2516,17.4367,18.0115,17.9844,17.8757,18.149,18.9462,19.2033,19.9622,20.5474,20.0642,19.9254,19.9288,19.92,19.8379,19.9793,20.1765,20.2252,20.7049,21.1768,20.8823,21.8238,21.7105,21.7801,21.8931,21.8602,21.8228,21.8236,21.7417,22.2501,22.3145,22.1826,22.4478,22.8204,23.0688,23.2889,22.8258,22.4862,22.6613,22.461,22.4156,22.4811,22.3601,21.9676,21.9971,22.7808,22.8807,23.4357,22.6322,22.6517,22.6262,22.2946,22.2987,22.1292,22.1437,22.1313,22.8612,22.7106,22.8405,23.4804,24.3368,24.0376,23.5021,23.626,23.6815,22.9648,23.0073,23.1243,23.7168,23.7923,23.6314,23.7386,23.8316,23.2505,23.0827,22.3588,22.6922,22.8259,23.4324,24.287,23.9671,23.672,23.4944,23.7236,23.7643,22.9667,23.0648,22.7717,22.7478,21.9945,21.7386,21.6893,22.6568,22.9589,23.1764,23.0198,23.0621,23.053,23.2898,23.4809,23.2693,23.3109,23.2232,23.9423,24.1234,23.9309,23.9856,24.3108,24.4036,24.1072,23.6097,25.1504,24.4262,24.5926,24.6838,24.272,24.101,24.3187,24.6267,24.7264,24.7747,25.1119,25.2708,25.3856,26.1392,26.1396,26.0261,25.3951,25.1684,24.9994,23.9742,24.936,24.9006,24.9197,24.805,24.9722,25.0318,24.2836,23.8558,23.7942,23.6793,24.0317,23.9505,23.8218,23.5607,23.7879,23.4887,22.355,23.1057,23.2288,23.2021,23.3929,23.6678,23.777,24.4394,24.2725,24.3205,24.6524,24.7811,24.6167,24.8305,24.9238,24.8061,24.9347,25.2039,24.9753,24.769,24.7718,25.0898,24.5465,24.2188,24.1595,24.2796,24.3764,23.442,23.7402,24.252,23.9208,23.8969,23.5309,24.2216,23.9322,24.0679,24.1121,24.4417,24.3192,24.3146,24.485,22.635,22.2677,22.1563,22.0215,22.2125,22.3998,22.3108,23.4064,23.5159,23.5717,23.5128,23.4508,23.4197,23.4789,23.518,23.7731,23.7556,23.0553,23.1497,22.5769,22.3405,22.3495,22.225,22.1879,22.1584,22.0786,21.9271,21.8037,21.9192,21.8346,21.6431,21.6394,21.6508,21.8005,21.8181,21.8152,21.7951,21.0785,21.2535,21.6868,21.6753,21.526,21.4296,21.5425,21.8155,21.6816,21.8692,21.5962,21.6036,21.3128,21.5547,20.9076,21.1001,21.063,20.9076,20.8895,20.8611,20.7344,20.652,20.3655,20.2727,20.1277,20.395,20.2387,20.1383,20.1972,20.0348,20.0684,19.9477,19.8246,19.9695,19.6663,19.8799,20.0182,20.2601,20.2172,20.2964,20.2258,20.1897,20.3585,20.4696,20.5895,20.3953,20.4943,20.5098,20.3833,21.5403,21.6138,21.8076,21.7641,21.8861,21.9691,22.2091,22.0078,21.9181,21.787,22.221,22.2485,22.1387,20.9921,21.0328,21.112,21.2325,20.9801,21.043,21.0621,20.2557,21.0564,20.8357,20.8713,20.7202,19.4867,19.5061,20.38,20.564,20.293,20.5713,20.5867,20.4765,20.6121,20.4667,20.2889,19.9447,21.4894,21.4405,21.4591,21.2005,22.1924,22.1208,22.0861,21.7415,21.6601,21.5582,21.6257,21.8437,22.0055,21.8607,21.943,21.907,21.5239,21.128,21.3083,21.2164,20.8761,21.0718,20.9953,20.9977,20.9529,20.9648,20.922,20.7691,21.6964,21.7023,21.7511,21.8201,21.675,21.7523,21.9528,22.0296,21.9064,21.9574,22.0184,22.4929,21.5121,21.2206,21.0082,19.7596,19.8711,20.6734,20.4805,21.1632,20.0543,20.036,19.5288,19.3874,19.6094,19.3341,19.3917,18.9822,19.1685,19.0273,18.8377,18.6751,18.1558,20.2821,20.44,20.4109,20.2714,20.2662,20.4894,20.6068,20.3632,20.3026,20.1553,19.9267,19.6437,19.4522,19.618,19.8491,19.8491,20.0441,20.1035,19.9409,19.7486,19.8478,20.0101,20.1158,19.7858,19.6684,19.4857,19.3939,19.2112,19.4644,19.9362,19.8861,19.9116,19.7885,19.6398,19.7237,19.56,19.5333,19.6772,19.4216,21.7685,20.4082,20.5065,20.625,20.5812,20.5379,18.8761,18.7031,18.5549,18.4487,18.455,18.164,18.0753,17.952,17.9197,18.0809,17.5115,17.465,17.0961,17.0508,16.9837,17.0197,16.7951,16.7832,17.0491,16.898,17.0053,17.0572,17.1011,16.9458,16.9422,17.2542,17.0965,17.0655,17.0499,17.0781,17.2471,18.1497,18.2286,19.0745,18.6032,18.575,18.4421,18.3331,18.5782,18.4766,18.1472,17.9343,17.1366,16.9956,17.0932,17.0325,17.1001,16.384,16.4858,16.5023,16.7464,16.7278,17.4749,17.5558,18.086,18.1194,18.0523,18.3407,17.454,17.3504,17.4046,17.5752,17.8423,18.9362,20.2536,20.1795,20.4183,21.0312,20.8877,21.1437,21.1497,21.1532,21.1708,21.1157,20.9869,20.8514,20.9127,20.6994,18.5531,18.7216,18.0498,17.7851,18.1287,18.0852,18.1549,18.1291,17.8933,18.0708,17.954,18.5108,17.0317,16.917,16.9771,16.8876,16.951,18.0034,17.9413,17.9629,18.2735,18.925,19.1188,18.5774,18.656,18.0315,18.0314,19.8538,19.711,19.4844,19.6106,19.8881,19.8093,19.6344,20.2175,20.5502,20.5654,20.8045,21.1058,20.7327,20.3988,20.6652,20.7451,21.7057,21.9376,21.2354,21.8209,21.7496,21.8265,21.4202,20.3524,20.6544,20.6559,21.4728,21.2947,21.3602,20.9359,20.9095,21.0504,20.7567,20.4024,20.6331,20.5394,20.4794,19.7975,20.6611,20.5603,20.5532,20.385,19.8984,19.9863,19.9422,20.4461,20.4297,20.5972,20.6162,20.902,20.8209,20.5172,20.8028,20.8334,20.7901,20.6575,21.1091,20.9778,20.7305,20.8784,20.7285,22.1985,22.1198,22.2701,22.4948,22.6209,22.5744,22.3708,22.2986,21.9926,21.7672,22.071,22.2421,21.4534,21.5623,22.5651,22.1908,22.6275,23.5726,23.5609,23.6805,23.8664,24.1863,24.6134,24.7546,24.9429,25.8846,25.572,25.2173,24.664,24.4301,24.0971,24.18,24.3719,24.3174,24.3205,23.9935,23.7272,24.6479,24.391,24.4218,24.5701,24.2439,24.3513,24.0918,24.2043,24.0469,23.9296,24.2663,24.4569,24.1556,24.3207,24.3704,24.3219,23.2234,23.1857,21.3681,20.5243,20.1089,20.0834,20.2012,20.5439,20.3185,20.3559,19.9636,19.5061,19.3867,19.2701,19.3146,18.843,18.4637,18.5675,18.6314,17.9659,18.1728,17.8317,17.2532,16.576,16.5575,16.4765,16.2982,15.8492,15.8974
"RNTI 3 Length, Avg, Std:",748,MCS Avg: 24.91,MCS Std: 2.80,SINR Avg: 20.47,SINR Std: 3.12
RNTI 4 MCS:,28,28,28,28,26,26,26,28,28,28,28,28,28,26,26,26,26,26,26,26,26,26,26,26,26,26,26,26,26,26,26,26,26,26,28,28,28,28,28,28,28,28,28,28,28,28,28,28,28,28,28,28,28,28,28,28,28,28,28,26,26,26,26,26,26,26,26,26,26,26,26,26,26,26,26,26,26,28,26,26,26,26,26,26,26,26,28,26,26,26,26,26,26,26,26,26,26,26,26,26,26,26,26,26,26,24,24,24,24,24,26,26,26,26,26,26,26,26,26,26,26,26,26,26,26,26,26,26,26,24,24,24,24,22,22,22,22,24,24,24,24,24,24,24,24,24,24,24,22,22,22,22,22,22,22,22,22,22,22,24,22,22,22,22,24,22,24,22,22,22,22,22,22,22,22,22,22,22,22,22,22,22,22,22,22,22,22,22,22,22,22,22,22,22,22,22,22,22,22,22,22,22,22,22,22,22,22,22,20,20,20,20,20,22,22,20,20,20,20,20,20,20,20,20,22,22,22,22,22,22,22,22,22,22,22,22,22,22,22,22,22,22,22,22,24,24,24,24,24,24,22,22,22,22,22,22,22,22,22,22,20,22,20,20,20,20,20,20,22,20,20,22,22,22,22,20,20,20,20,20,20,20,20,20,20,18,18,20,20,18,18,18,18,18,18,18,18,18,18,18,18,18,18,18,18,20,18,20,18,20,20,18,18,18,18,18,18,18,18,18,18,20,18,20,22,22,22,22,22,22,22,22,22,22,22,22,22,22,22,22,22,22,22,22,22,22,22,22,24,24,24,24,24,24,24,24,24,24,24,24,24,24,24,24,24,24,24,24,22,22,22,22,22,22,22,22,22,20,20,20,20,22,22,22,22,22,22,22,22,22,22,22,22,22,22,22,22,22,22,22,22,22,20,18,18,18,18,20,18,18,20,20,20,20,20,20,20,20,20,20,20,20,20,20,20,20,20,22,20,22,22,22,22,22,22,22,22,22,22,20,22,22,22,22,22,22,20,20,20,20,20,20,20,20,22,20,18,18,18,18,18,18,18,18,18,18,18,20,20,20,20,22,20,20,22,20,20,22,22,22,20,20,20,20,20,20,20,20,20,20,20,20,20,20,20,22,22,22,20,22,22,22,22,24,24,24,24,24,24,24,24,24,26,26,24,24,26,26,26,26,24,24,24,24,24,24,24,24,24,24,24,24,24,24,24,24,24,24,24,24,24,26,26,26,26,26,26,26,26,26,26,26,26,26,26,26,26,26,26,26,26,26,26,26,26,26,26,26,26,26,26,26,26,26,26,26,26,26,26,26,26,26,26,26,26,26,26,26,26,26,26,26,26,26,26,26,26,26,26,26,26,26,26,26,26,26,26,26,26,26,26,26,26,26,26,26,26,26,26,26,26,26,26,26,26,28,28,28,26,28,28,26,26,26,26,26,26,26,26,26,26,26,26,26,26,28,26,26,26,26,26,26,26,26,26,26,26,26,26,26,26,26,26,26,26,26,26,26,26,26,26,26,26,26,26,26,26,26,24,26,26,26,24,24,24,24,24,24,24,24,24,24,24,24,24,24,24,24,24,24,24,24,24,24,24,24,24,24,24,24,24,24,24,24,24,24,24,24,24,24,26,26,26,24,24,24,24,24,24,24,24,24,24,24,24,24,24,24,24,24,24,24,24,24,24,24,24,24,24,24,24,24,22,22,24,24,24,24,24,24,24,24,24,24,24,24,24,24,24,24,24,24,24,24,24,24,24,24,24,24,24,24,24,24,24,24,24,24,24,24,24,24,24
RNTI 4 SINR:,24.1635,24.5278,24.826,24.8854,23.6143,23.1906,22.9562,23.8483,24.0859,24.2511,24.1295,24.1666,24.0304,23.0695,23.0574,23.2095,22.8827,22.898,23.0163,22.772,22.7111,22.5002,22.6948,22.7833,23.0639,23.1197,22.9107,22.8658,22.9828,22.9442,23.1584,23.0506,23.1508,23.0625,24.4102,25.5156,25.237,25.423,25.6639,25.9096,25.9338,25.9941,25.8829,25.9589,25.9617,26.5104,26.5337,26.6854,26.8052,26.9159,25.2291,24.9639,24.8259,24.4435,24.2263,24.1775,24.1381,23.7263,23.6966,23.5083,23.2926,23.1233,23.233,23.1335,23.2435,23.2281,23.313,23.2712,23.2318,23.4789,23.3039,23.2786,23.4106,23.6555,23.4394,23.5544,23.6367,23.6542,23.4503,23.297,23.2079,23.3601,23.4374,23.5205,23.5678,23.7375,23.8603,22.084,21.8902,21.8241,21.5823,21.8668,21.8277,21.671,21.8394,22.1886,22.0729,21.9403,21.9712,20.76,20.8607,20.8903,20.981,20.8241,20.5729,19.2326,19.4567,19.6654,19.7452,19.892,20.1412,20.252,20.2624,20.0158,20.0083,21.919,19.9285,20.9685,21.1039,20.9168,20.7312,20.7899,20.8353,20.6379,20.6302,20.4976,20.5224,20.4405,20.6057,19.1763,18.0541,17.9544,17.8213,17.9755,17.7749,17.9078,17.9645,19.2533,19.2867,19.1551,19.0965,18.0617,18.0016,17.7197,18.09,18.0201,18.0398,18.0279,17.8384,17.8921,17.51,17.4476,17.4064,17.1971,16.9817,16.9507,17.0459,17.043,17.1106,18.0087,17.6949,17.6691,17.4267,17.3721,18.1395,17.7954,18.1354,17.5541,17.5671,17.5579,17.8559,17.6723,17.5674,16.7295,17.1323,17.376,17.5716,17.3595,17.187,16.6618,16.6965,16.5505,16.7136,16.6033,16.9494,16.836,17.1795,17.5048,17.4399,17.3566,17.5049,17.6344,17.391,17.3231,17.3662,17.4734,17.5307,17.6096,17.3245,17.2333,17.9187,17.7005,17.5847,17.5372,16.5229,16.5051,16.292,16.16,15.2624,14.5733,14.8005,15.9554,15.6982,16.1141,15.9647,15.8032,15.8362,15.501,15.7973,15.9941,15.6892,15.7865,15.8104,15.8491,16.6736,17.1494,17.0862,16.905,16.8998,17.1118,16.9089,17.0356,17.2195,16.9254,17.0818,17.7042,17.8075,17.887,17.693,17.6127,16.1652,16.7083,16.6731,16.8184,18.7308,18.6173,18.5862,18.4778,18.293,18.1442,17.8428,17.5423,17.2985,17.1805,17.7097,17.6898,17.8422,16.47,16.4521,16.0186,16.0258,16.2239,15.7711,15.7633,15.7576,15.6621,15.3023,15.9909,15.9882,15.9582,15.8613,16.4482,16.3209,16.3155,16.4873,15.6386,15.8213,15.7392,15.5306,15.4434,15.8652,15.5966,15.3029,14.8638,14.7392,14.4546,14.1845,14.4912,14.4762,13.4461,13.1031,13.4126,13.041,12.8241,12.8173,12.7389,12.8513,13.4496,13.4543,13.7404,13.2683,13.5329,14.0784,13.8187,14.076,14.3266,14.3022,14.6194,14.0987,14.768,14.7134,14.1263,14.1913,13.8675,14.0318,13.6902,13.851,13.3855,13.6267,13.5136,13.3608,14.5105,14.2129,15.1896,16.4849,16.5077,16.2035,16.1652,16.2192,16.2723,16.3074,16.2951,16.3034,16.4957,16.5123,16.5118,17.0896,17.1808,17.1301,17.127,17.3467,17.3353,17.3909,17.5384,17.4568,17.8504,18.0113,18.0117,17.9447,18.6852,18.6747,18.6046,18.6581,18.6705,18.4538,18.6621,18.7488,18.7827,18.6508,18.5028,18.5446,18.1371,17.958,17.9856,18.1846,18.1938,18.0687,18.0148,16.6008,16.8531,17.808,17.6931,17.7875,17.9107,16.2877,16.0193,15.8801,15.6889,15.7706,15.9765,16.0123,16.0713,16.23,16.0321,16.3321,16.363,16.3091,16.0472,16.1197,16.2744,16.3206,16.2475,16.1404,16.0614,16.7567,16.8432,16.9895,17.088,16.6445,16.743,16.3321,16.0293,14.502,13.6939,13.7154,13.4703,13.7061,14.3845,14.0979,14.0923,14.4159,15.3005,15.3818,15.2639,14.9685,14.8622,15.7448,15.7858,15.8733,15.6965,15.2577,15.3087,15.4048,15.4505,15.5491,15.9013,16.038,15.9877,15.5247,16.5919,16.6919,16.9482,16.9999,16.9801,17.3,17.3824,17.4764,17.3092,16.2474,16.0458,17.0168,17.0121,17.1082,16.1277,16.0977,16.034,15.5503,14.9233,14.9916,14.7131,14.9725,14.9454,14.9345,15.8476,16.0736,14.8357,13.3634,13.3104,14.2002,14.0875,13.9758,14.0746,14.0214,13.5524,13.6174,13.5074,14.1617,15.9024,15.7156,15.9337,15.9407,15.9897,15.9608,16.114,16.3152,15.8002,15.5022,16.2753,16.3853,16.3003,14.939,14.7438,15.4417,15.6969,15.622,15.5711,15.3989,15.5417,15.3048,15.6191,15.9056,15.9369,15.9843,16.0471,16.0157,16.1619,16.3786,16.1748,15.9933,17.3575,17.4053,17.3628,17.1631,18.1532,19.0664,18.9118,18.8007,18.7201,19.2007,18.9702,19.3001,19.745,20.0232,20.0132,19.6626,19.7136,19.9831,20.0977,20.1084,19.9598,19.6223,19.6353,19.6019,19.4861,19.4347,19.5486,19.348,19.4648,19.4922,19.798,19.4297,19.4827,18.6508,18.7319,18.8105,18.9944,18.8251,18.5448,18.1242,19.8623,19.9626,20.0101,19.9617,20.0479,20.1419,20.282,20.4916,21.3827,21.2082,21.2617,21.3954,21.4646,21.7566,21.74,21.9742,21.8532,21.8752,21.966,22.0667,21.8874,22.3403,22.3094,22.2952,23.5454,23.1386,23.0774,22.5515,22.6154,23.2169,23.3359,23.2258,23.1734,22.9115,22.9946,23.0371,22.6892,22.5741,22.6071,22.4822,22.3358,22.5573,22.4508,22.6926,22.6368,22.439,22.5134,22.3724,22.3873,22.3375,22.4028,22.427,22.3212,22.1425,22.3332,22.2908,22.5259,22.3739,22.218,22.1194,20.2746,20.32,20.2954,20.4405,20.3227,20.4656,20.3009,20.2864,20.1774,20.3012,20.4547,20.3672,20.5573,20.6072,20.2941,20.5151,23.04,23.0759,23.1204,22.9277,23.0936,22.9749,23.0587,23.0122,23.3073,23.2584,23.8233,23.8828,23.7897,23.4073,24.0002,23.7695,22.3752,22.4012,22.3994,22.4549,22.7005,23.1914,23.0177,23.321,21.833,21.7262,22.5618,23.5049,23.6653,23.567,23.5603,23.2819,23.3265,23.3522,23.204,23.066,22.8295,22.1564,22.5365,22.6327,22.495,22.445,22.0717,22.1142,22.1142,22.337,21.4834,21.5585,21.498,21.3023,23.1054,23.2526,23.144,23.0052,22.8978,22.4792,22.3625,22.3,22.5086,22.2816,21.8473,20.6188,20.5984,19.7042,20.8321,21.164,21.29,18.9073,18.8287,18.8465,18.7246,18.7203,18.5662,18.4972,18.2782,18.4652,18.6231,18.7638,18.6687,18.7557,18.5238,18.6032,18.5449,18.4242,19.0826,19.2718,19.5878,19.6432,18.1641,18.2468,18.0905,18.2978,18.4913,18.508,18.8576,19.3754,18.755,18.9638,18.7697,18.7552,18.702,19.2847,19.4027,19.5569,19.4149,20.5228,21.0313,21.1238,19.6992,19.4689,19.515,19.5272,19.2907,19.1103,19.2597,19.2971,19.6755,18.5263,18.5858,18.5847,18.5224,18.4136,18.3876,18.2519,18.3629,18.2164,17.9046,18.103,18.0525,18.0577,18.3979,18.3146,18.0828,18.2596,18.2962,18.4582,18.1786,17.16,16.746,18.2709,18.344,18.5516,18.6521,18.5531,18.735,18.7812,19.0198,18.8416,18.8571,18.8015,18.167,18.1034,18.0717,18.4801,18.8344,18.3544,18.4794,18.6862,18.9553,18.8865,18.9613,18.7942,18.9238,18.7852,18.8687,19.2692,18.9788,19.3854,18.546,18.1316,18.1459,18.8594,18.9496,18.7488,18.0334,18.0741,18.0331,18.0105
"RNTI 4 Length, Avg, Std:",793,MCS Avg: 23.47,MCS Std: 2.62,SINR Avg: 18.92,SINR Std: 3.08
RNTI 5 MCS:,26,26,24,24,26,26,26,26,26,26,26,26,26,26,26,26,26,26,24,24,24,24,24,24,24,24,24,24,24,24,26,26,26,26,26,26,26,26,26,26,26,26,26,26,26,24,24,24,24,24,24,24,24,24,24,24,24,24,24,24,26,26,24,24,24,24,24,24,24,24,24,22,22,22,22,24,24,24,24,24,24,24,24,24,24,24,22,22,22,22,22,22,22,22,22,22,22,22,22,22,20,20,20,22,20,20,20,20,22,22,22,22,22,22,22,22,22,22,22,22,22,22,24,24,22,22,22,22,22,22,22,22,22,22,22,22,22,22,22,22,22,22,22,22,22,22,20,20,20,20,22,22,22,22,22,22,22,22,22,24,24,24,24,24,24,24,24,24,22,24,24,24,24,24,24,24,24,26,26,24,24,24,24,24,24,24,24,24,24,26,26,26,26,26,26,26,26,26,26,26,26,26,26,26,26,26,26,26,26,24,24,26,26,26,26,26,26,26,26,26,26,26,26,26,26,26,26,26,26,28,28,28,28,28,28,28,28,28,28,28,28,28,28,28,28,28,28,28,28,28,28,28,28,28,28,28,28,28,28,28,28,28,28,28,28,28,28,28,28,28,28,28,28,28,28,28,28,28,28,28,28,26,26,26,26,26,26,26,26,26,26,26,26,26,26,26,26,26,26,26,26,26,26,24,24,24,24,24,24,24,24,24,24,22,24,24,24,24,24,24,24,24,24,24,24,24,24,24,24,24,24,24,24,22,22,22,22,22,22,22,22,22,22,24,24,24,24,24,26,26,26,26,26,26,26,26,26,26,26,26,26,26,26,26,26,26,26,26,26,24,24,24,26,26,26,26,24,24,24,22,22,22,22,22,22,22,22,20,20,20,20,22,22,22,22,22,22,22,22,22,22,22,22,22,24,24,24,24,24,24,24,24,24,24,24,24,24,24,24,24,24,24,26,24,24,24,24,24,24,26,26,26,26,26,26,26,26,24,24,22,24,24,24,22,22,22,22,22,22,22,22,22,22,22,22,22,24,24,24,24,24,24,24,24,24,24,22,22,24,24,24,24,24,24,24,24,24,24,24,24,24,24,24,24,24,24,24,24,26,26,24,24,24,26,26,24,24,24,24,24,24,24,24,24,24,24,24,24,24,24,26,26,26,26,26,26,26,26,26,26,26,26,26,26,26,26,26,26,26,26,26,26,26,26,26,26,26,26,26,26,26,26,26,26,26,26,26,26,26,26,26,26,26,26,26,26,28,28,26,26,26,26,26,26,26,26,26,26,26,26,26,24,24,24,26,26,26,26,26,24,24,24,24,24,26,26,26,26,26,26,26,26,26,26,26,26,24,24,26,26,26,26,26,26,26,24,24,26,26,26,26,26,26,26,24,24,24,24,24,24,24,24,24,24,24,24,24,24,24,24,24,24,24,24,24,24,24,26,26,26,26,26,24,24,24,24,24,24,26,26,24,24,24,24,24,24,24,24,24,24,24,26,26,26,26,26,26,26,26,26,26,26,26,26,26,26,26,26,26,26,26,26,26,26,26,26,26,26,26,26,26,26,26,26,26,26,26,26,26,26,26,26,26,26,26,26,26,26,26,26,26,26,26,26,26,26,26,26,26,26,26,26,26,26,26,26,26,26,26,26,26,26,26,26,26,26,24,24,24,24,24,24,24,24,24,26,26,26,24,26,26,26,26,26,26,24,26,26,26,26,26,26,26,26,26,24,24,24,24,22,22,22,22,22,22,22,22,22,24,22,24,24,24,24,24,24,24,24,22,22,22,22,20,20,20,20,20,20,20,20,20,20,20,20,20,20,20,20,20,20,20,20,20,20,20,20,22,22,22,22,22,24,24,24,24,24,22,24,24
RNTI 5 SINR:,20.0172,19.9876,19.7011,19.9654,19.9687,20.2405,20.2023,20.4836,20.4623,20.562,20.4053,20.2763,20.1142,20.0719,20.1713,20.0731,20.1268,20.0896,19.5467,19.4223,19.5894,19.7454,19.7822,19.76,19.6123,19.7874,19.7129,19.8009,19.6086,19.8461,20.0694,20.5085,20.4539,20.2277,20.1625,20.1409,20.2198,20.4391,20.3467,20.4422,20.6122,20.6183,20.4439,20.4126,20.2819,19.1535,19.1669,18.9528,19.2441,19.1876,19.2096,19.1768,19.1299,19.1428,19.0477,19.2709,19.1626,19.0736,18.9859,18.9087,20.5659,20.5118,18.8367,18.8419,18.9618,18.7768,18.6275,18.7542,18.5551,18.4185,17.9863,17.3973,17.2924,17.016,17.0467,18.1132,18.1497,18.4003,18.4541,18.4112,18.3785,18.4141,18.4029,18.3222,18.2172,18.3723,18.1086,17.4094,17.3096,17.2696,17.1905,17.2914,17.3542,17.3274,16.3604,16.1973,16.1896,16.0846,16.1105,16.0006,15.6809,15.7658,15.8368,15.9871,15.8959,16.0885,15.9168,15.5718,16.3351,16.8701,16.9537,16.9698,16.7948,16.8829,16.8976,16.9827,16.9206,16.6709,17.5778,17.4633,17.9093,17.9033,17.9436,17.8632,17.5272,17.0779,16.9741,17.0063,16.6051,16.5743,16.5863,16.8435,16.7751,16.8097,17.1448,17.2522,16.556,16.2017,16.0772,16.0556,16.1701,16.1759,16.5881,16.6808,16.8284,15.7456,15.3089,15.5281,15.7487,15.7883,16.5574,17.1832,17.5531,17.8756,17.6705,17.8349,17.7692,16.5828,16.861,18.6255,19.1029,18.9612,18.8156,18.4945,18.4101,18.4084,18.2849,18.1976,17.689,18.1803,18.1193,18.3815,19.2213,19.6001,19.6098,19.6799,19.7433,21.2237,20.9459,19.8605,19.6194,19.7481,18.6568,18.5069,18.6053,18.6327,18.9519,18.9082,19.3178,20.5937,21.7822,21.458,21.5841,21.7445,22.0213,21.4848,21.5834,21.4541,21.0005,20.9284,21.0114,21.0078,21.0418,20.8399,21.2329,21.4026,21.1303,20.4849,20.4043,19.6392,19.3231,20.5301,20.2891,19.9114,20.4488,20.4504,20.4373,20.5179,20.53,21.9564,21.8951,21.8792,22.01,21.7452,21.8964,21.4891,21.7048,21.751,21.871,23.7193,24.0239,24.0372,23.8206,24.0556,24.2417,24.2983,24.806,24.9396,25.0222,25.3408,25.0045,25.0538,25.1923,25.492,25.0798,24.7631,24.502,24.2577,24.4939,24.7542,25.5503,25.6739,26.0881,25.904,25.9551,25.6942,25.7556,25.0049,25.1354,25.7069,25.605,24.8695,24.8657,24.8835,24.9794,25.5785,25.6552,25.4643,25.6222,24.9103,24.8812,24.4823,24.5923,24.4756,25.198,25.3048,24.8017,24.9527,24.8776,24.3472,24.2408,23.5517,23.2927,23.4126,21.5365,21.4924,22.0354,22.3184,22.4325,21.84,21.8093,21.8433,21.8096,22.029,22.1508,22.3393,22.014,22.0103,22.1835,22.509,22.1024,22.1369,20.0393,19.7667,19.8066,19.5997,19.519,19.3372,19.0349,18.9691,19.0839,19.1606,19.2455,17.8416,18.2492,18.1841,18.6342,18.1374,18.1073,18.4495,18.688,18.7911,18.6365,18.4907,18.5027,18.577,19.1673,17.9377,17.9088,18.0453,17.9287,18.0583,18.02,17.5466,17.364,17.1531,17.4099,17.6936,17.6858,17.7316,17.6345,17.7833,17.8543,18.2596,18.5648,18.5093,19.4112,19.477,20.5525,20.7025,20.5286,20.6766,20.5898,21.8933,21.7603,21.6807,21.7264,21.8707,21.4654,21.3152,21.0679,21.0306,20.8477,20.701,20.7449,20.762,20.7172,20.8151,20.7585,19.7355,19.9042,19.9318,20.337,20.4428,20.3694,20.1567,19.4528,18.1689,18.1554,17.5871,17.4987,17.5264,17.4943,17.1851,16.9959,16.9624,16.4173,15.5012,15.3397,15.5428,15.5189,17.6863,17.5795,17.5072,17.128,17.31,17.3224,17.4792,17.4191,17.7156,17.754,17.5841,17.6011,17.6653,18.0166,18.0844,18.379,17.9607,18.1251,18.009,18.0911,18.3084,18.4282,18.239,18.3039,18.3974,18.4008,18.3285,18.4768,18.5806,18.5392,18.3934,19.9273,19.9846,19.867,19.9738,19.857,19.8317,19.6901,20.3451,20.2713,20.3902,20.487,20.3546,20.0144,20.3482,20.3611,18.1599,18.0438,17.6653,18.0809,18.5933,18.682,18.0085,16.8536,16.9479,16.7681,16.6696,17.4104,17.3813,17.7176,17.9016,17.6717,17.6752,17.7334,17.7097,18.1679,18.4368,18.5603,18.6715,18.9982,18.9418,19.012,17.9276,18.0947,17.8248,17.8966,18.0486,18.2699,18.3961,18.3887,18.2328,18.2159,18.2864,18.2893,18.2487,19.4976,19.3896,19.4066,19.3143,19.2774,19.3994,19.261,19.125,19.2052,19.4378,19.5809,19.7737,20.0895,19.8153,19.8267,19.7855,19.8241,19.9832,19.9408,20.0332,19.7477,19.6161,19.7749,19.5167,19.6953,19.7119,19.6839,19.7462,19.7584,19.8596,19.849,19.9055,19.7384,19.7909,19.9596,19.8738,20.5716,20.6015,20.3662,20.2306,20.1659,20.1448,20.2816,20.2621,20.4966,20.9783,21.1583,21.2666,21.5965,21.8419,21.8444,21.6861,21.589,21.5188,21.4307,21.2302,21.2682,21.4295,21.1999,20.9965,20.9412,21.0346,21.3241,21.3371,21.4285,21.2928,21.4883,21.2129,21.1959,21.3038,21.4149,22.4171,22.3842,22.6466,22.8861,22.983,23.0757,23.1417,23.2434,23.3367,24.2713,23.4198,23.0203,20.9721,21.1951,20.9691,21.0861,21.3145,21.2612,21.611,20.9974,21.1167,19.8963,20.1352,20.0259,19.8079,19.6324,19.8052,20.5161,20.7811,20.8007,20.6805,20.5446,19.1986,19.3313,19.2226,19.4142,19.3651,21.4329,21.2408,21.2062,20.9638,21.0157,20.9628,20.9788,20.8394,21.008,21.0089,21.4707,20.8324,19.1765,19.2512,19.9471,20.0734,20.1241,20.1746,20.3456,20.4276,20.4622,19.8193,19.7963,20.3816,20.6429,20.6314,20.1929,20.339,20.3116,20.359,19.4381,19.3572,18.9545,18.8994,19.0803,19.1821,18.2496,18.3326,18.2664,18.8139,18.8117,18.8447,18.9424,18.775,18.8654,18.957,19.0571,19.0228,18.8901,19.0713,18.8838,19.0426,19.9653,19.9295,20.1394,20.2014,20.15,20.1988,19.7325,19.4541,19.3779,19.3681,19.342,19.4517,19.8732,19.9814,19.3611,18.7162,18.6693,18.9171,19.0159,19.2035,19.2945,19.1663,19.1642,19.022,18.8454,20.4369,20.5466,20.3273,20.5331,19.8043,20.8346,20.6937,20.5752,20.8186,21.2727,21.2081,20.8798,20.9055,20.8375,20.8526,21.9319,21.8747,21.7783,22.365,22.2327,22.2093,22.4095,22.4204,22.3347,22.3464,22.7007,22.8515,22.4978,22.5359,22.6019,22.8572,22.8476,22.5401,22.5165,22.8252,21.9456,21.9474,21.5864,21.4125,21.3852,21.3646,21.3983,20.7863,20.5596,20.5499,20.4186,20.1696,20.2389,20.6533,20.4467,20.3139,20.2838,20.6919,20.5711,20.7367,21.8778,21.7537,21.8535,21.7646,21.5984,21.5902,22.3069,21.7227,21.9386,21.5612,21.5061,21.5569,21.3757,21.5896,21.2579,21.1285,21.1489,20.7936,20.8738,20.5348,19.2958,19.1564,19.3163,19.4429,19.8375,19.5389,19.7107,19.824,19.6672,20.0501,19.9619,19.859,19.7148,22.0129,21.438,21.2987,21.3995,21.1047,20.0114,19.9586,20.1528,21.0412,21.2165,21.1635,21.0802,20.9872,20.5914,20.5923,20.2473,19.0062,18.8126,18.7167,18.4814,17.6582,17.4805,17.9306,17.9265,18.0138,17.8528,17.7682,17.6961,17.6685,17.9277,17.9675,17.9259,18.1021,18.0695,18.0516,18.2718,18.4219,18.0189,18.1195,17.6776,17.6498,17.3566,17.2687,15.5413,14.7417,15.2931,15.114,14.8923,14.882,15.0629,15.1303,14.6815,14.6908,15.0785,15.2648,15.5303,15.3244,15.2049,15.6288,15.7865,15.1891,15.1177,15.035,15.3073,15.827,15.8361,15.9037,16.2622,16.1646,16.1872,16.5051,16.662,18.1007,18.3294,17.9232,17.9281,17.9497,18.0416,18.5092,19.0728
"RNTI 5 Length, Avg, Std:",829,MCS Avg: 24.53,MCS Std: 1.93,SINR Avg: 19.72,SINR Std: 2.25
RNTI 6 MCS:,26,26,26,26,26,26,26,26,26,28,26,28,28,28,28,28,28,28,28,28,26,26,26,26,26,26,26,26,26,26,26,26,26,26,26,26,26,26,26,26,26,26,26,26,26,26,26,26,26,26,26,26,26,26,26,26,26,26,26,26,26,26,26,26,26,26,26,26,28,26,26,26,28,28,28,28,28,28,28,28,28,28,28,28,28,28,28,28,28,28,28,28,28,28,28,26,28,26,26,26,26,26,26,26,26,26,26,26,26,26,26,26,26,26,26,26,26,26,26,26,26,26,26,26,24,26,26,26,26,26,26,26,26,26,26,26,26,26,26,26,26,26,26,26,26,26,26,26,26,26,26,26,26,26,26,26,28,28,28,28,28,28,28,28,28,28,28,28,28,28,28,28,28,28,28,28,28,28,28,28,28,28,28,28,28,28,28,28,28,28,28,28,28,28,28,28,28,28,28,28,28,28,28,28,26,26,26,26,26,26,26,26,26,26,26,26,26,26,26,28,26,26,26,26,26,26,26,26,26,26,26,26,26,26,26,26,26,26,26,26,26,26,26,26,26,26,26,26,26,26,26,26,26,26,26,26,26,26,24,24,24,24,24,24,24,26,26,26,26,26,26,26,26,26,26,26,26,26,26,24,24,24,24,24,24,24,24,24,24,24,24,24,24,24,24,24,24,24,24,24,24,24,24,24,26,26,24,24,24,24,24,24,24,24,24,24,24,24,24,24,24,26,26,26,24,24,24,24,22,24,24,22,22,22,20,20,20,20,20,20,22,22,22,22,22,22,22,22,22,22,22,22,22,22,22,22,22,22,22,22,22,22,22,22,22,22,22,22,22,22,24,24,24,24,24,24,24,24,22,24,24,24,24,24,24,24,24,24,24,24,24,24,24,24,22,24,24,24,24,24,24,24,24,24,24,24,24,24,24,24,24,24,24,24,24,24,24,24,24,24,24,24,24,24,22,22,24,24,22,20,20,20,20,22,22,22,22,22,22,22,22,22,22,22,22,22,22,22,22,22,22,22,22,24,24,22,24,24,24,22,22,22,22,22,22,22,22,22,22,22,22,22,22,22,22,22,22,22,22,22,22,22,22,20,20,20,18,18,18,20,20,20,20,20,20,20,20,18,18,18,18,15,15,15,15,15,15,15,15,18,15,15,15,15,15,15,15,15,15,15,18,18,20,20,18,18,18,20,18,20,20,20,20,22,20,20,20,20,20,22,22,22,22,22,22,22,22,22,24,22,22,24,24,22,22,22,22,22,22,22,22,22,22,22,22,22,22,24,24,24,22,22,22,22,22,22,22,22,22,22,22,22,22,22,22,22,22,22,22,22,22,22,22,22,22,22,20,20,20,20,20,20,20,20,20,20,20,20,22,22,22,22,22,20,20,20,20,20,20,20,20,18,18,18,20,18,18,18,18,18,18,18,20,18,20,22,22,22,24,24,24,24,24,22,24,24,24,24,24,26,26,26,26,26,26,26,26,26,26,26,26,26,26,26,26,26,26,26,26,26,26,26,26,26,26,26,26,26,26,26,26,26,26,26,26,26,26,26,26,26,26,26,28,28,28,28,28,28,28,28,28,28,28,28,28,28,28,28,28,28,28,28,28,28,28,28,28,28,28,28,28,28,28,28,28,28,28,26,26,26,26
RNTI 6 SINR:,21.2263,21.3557,21.519,21.3287,21.4418,21.5507,21.514,22.4686,22.4107,23.875,23.454,23.6778,23.8581,24.5743,24.5265,24.6046,24.7557,24.7435,24.8034,24.8745,22.4775,22.2959,22.2417,22.4105,22.48,22.4958,22.5651,22.6186,22.5859,22.5726,22.5226,22.5701,22.6511,22.7503,22.8305,22.4009,22.3622,22.4144,22.2394,22.7947,22.7421,22.9765,22.2688,22.0743,22.2592,22.0949,22.3779,22.307,22.4085,22.392,22.8665,22.5511,22.6645,22.5691,22.5567,22.5493,22.6612,22.9027,22.8077,23.0255,22.2282,21.8556,22.0885,22.3084,22.262,22.436,22.4099,22.3277,23.6569,23.4196,23.4522,23.4955,23.9116,24.5719,24.7829,24.6588,24.9608,24.9344,23.607,23.6043,23.8085,23.9252,23.9079,23.9134,23.7906,24.5723,24.5183,24.7187,24.5892,24.5868,24.6097,23.9487,24.1608,24.1744,24.2156,23.5325,23.548,23.4784,23.3419,22.7784,22.6294,22.5838,22.5349,22.31,22.2497,22.4711,22.1932,22.068,22.157,22.7479,22.472,22.63,22.707,22.6793,22.7088,22.3727,22.6143,22.3153,22.3357,22.4302,21.6674,21.8103,20.1572,20.0098,20.0401,20.0437,20.0218,20.2453,20.295,20.4746,20.2634,20.4833,20.6732,20.5603,20.6738,21.0774,21.4655,21.29,21.0601,20.9622,21.2409,20.8149,20.8677,20.7646,21.3532,21.7838,21.8904,21.7486,21.8487,21.8435,22.1146,22.2258,23.1661,22.6685,23.0279,23.3552,24.2379,24.4773,24.1971,24.2006,24.1328,24.0719,23.9295,24.7919,24.6344,24.8166,24.7084,26.1312,25.9216,26.1215,25.5413,25.429,25.3095,24.98,25.2131,25.3633,25.2098,24.7335,24.8292,24.8021,24.7383,24.7787,25.107,25.5279,25.9585,26.0721,24.7353,24.1986,24.2096,24.5207,24.1425,24.0125,24.1328,24.1612,24.4645,24.5369,24.2469,24.4204,24.6556,24.7618,25.3516,25.2454,24.1349,24.1028,23.4775,22.7416,22.3551,23.0143,23.1551,23.1535,22.9958,22.896,22.9185,23.008,22.9321,22.8072,22.9227,22.6957,23.1399,23.5795,22.5487,22.513,22.6071,22.229,22.2324,22.1108,22.0088,22.2291,22.2139,22.1999,23.0905,23.0349,22.7108,22.8767,22.4633,23.2331,23.135,22.6958,22.7401,22.8348,22.7184,22.5723,21.9564,22.0301,22.4554,21.5721,21.4219,21.9522,21.8153,21.3499,21.1932,21.1173,21.0232,21.3426,21.4647,21.5286,21.4766,21.5576,18.3673,18.3985,18.6402,18.7823,18.8784,18.6622,18.6732,21.3663,21.1304,20.7445,20.7362,20.6677,20.6466,20.6523,20.6355,20.8628,20.9828,20.7826,20.7963,20.7567,20.6043,19.8647,19.6998,19.646,19.729,19.7883,19.9189,19.892,19.8466,19.955,19.8291,19.826,19.5758,19.5105,19.5183,19.5979,19.6741,19.5899,19.425,19.363,19.6857,18.6704,18.4259,19.4407,19.4921,19.7335,20.4141,19.7426,19.185,18.9523,19.1001,19.08,18.963,19.0485,19.0628,18.8819,19.6506,19.6711,19.8567,19.8014,19.9253,19.8354,20.0506,20.2135,20.1659,20.1995,19.1045,19.6468,19.3699,18.0737,17.7839,17.8503,17.9469,17.3372,16.2958,16.2194,15.3048,15.4082,15.7634,15.9051,15.9912,15.6322,15.9039,16.2084,16.2756,16.2914,16.2765,16.314,16.4671,16.4014,16.4651,16.3621,16.598,16.7792,16.8332,16.7969,17.4589,17.3096,17.1601,16.8885,16.5088,16.5931,16.6702,16.5714,16.6527,16.5175,16.6269,16.6567,16.4455,17.13,16.416,16.3534,17.9243,18.042,18.0884,17.9612,17.9779,18.2565,18.1048,17.9111,17.9727,18.0035,17.9484,18.0059,17.9844,18.0046,18.1786,18.6326,18.6698,18.3892,18.3464,18.5212,18.4919,18.4863,18.1332,18.0156,17.9118,18.5714,18.5857,18.5055,18.5552,18.5759,18.5639,18.594,18.534,18.6677,18.6648,18.4571,18.4106,18.2105,18.0289,17.9946,18.0783,18.099,18.9724,18.4377,18.5438,18.4294,18.274,18.7491,18.482,19.2692,19.2684,19.4278,19.2624,18.0858,17.7019,17.8646,18.1455,18.0113,17.1732,15.8688,15.8471,15.8608,15.8819,16.0796,16.1457,16.2226,17.0868,17.2978,17.5081,17.6079,17.7495,17.4658,17.6706,17.4826,17.5534,17.7069,17.8167,17.6171,17.4704,17.522,17.4524,17.3868,17.7949,18.0249,18.1128,17.8684,18.2762,18.3719,17.9883,16.9399,16.8341,16.8971,16.9237,16.8042,16.7526,16.8424,16.609,16.6554,16.7354,16.9665,16.9159,17.1146,17.2632,17.2975,17.5504,17.6314,17.3629,17.206,16.6754,16.5827,16.8106,16.8068,16.7306,15.6443,15.9232,15.9898,13.8435,13.8658,13.7579,14.5619,14.6787,14.5004,14.6244,14.6652,14.3243,14.3707,14.36,14.1429,13.5544,12.8107,12.7291,11.8528,11.8508,11.7481,11.8469,11.9635,11.9382,11.7854,11.9971,12.6568,12.5697,11.9156,12.3196,11.8671,11.9235,11.787,12.2584,12.369,12.4458,12.4666,14.111,14.1326,14.2427,14.3583,14.2212,14.0469,14.1062,14.3827,14.3649,15.1702,15.758,15.7938,15.8888,16.1664,15.2359,15.2683,15.2815,15.7006,15.7894,16.3044,16.3116,16.163,16.58,16.6852,16.8246,16.5189,16.6423,16.9368,17.9572,17.2236,17.0696,18.2572,18.1667,17.8811,17.6003,17.3518,17.4957,17.4619,17.3759,17.1699,17.4594,17.4591,17.2945,17.1629,16.8827,16.9517,17.491,17.8696,18.1084,17.9484,17.4885,17.5271,17.5722,17.1535,17.4361,17.0646,16.8135,16.5008,16.6843,16.7093,16.7036,16.4716,16.7156,17.0635,17.2523,17.1476,16.5392,16.6321,17.0526,16.9435,16.9987,16.2176,16.1836,16.2029,16.0741,16.2822,15.4745,15.2569,15.3133,14.9828,15.1294,15.1833,15.2374,15.6696,15.6109,15.4874,16.0562,15.9802,16.2118,16.1328,16.6162,16.6202,16.7081,15.4523,15.2925,15.1854,15.2632,15.2582,14.5552,14.7212,14.6874,13.9372,14.1591,14.3769,14.4777,13.3765,13.4242,13.3016,13.7429,13.5544,13.6901,14.1816,14.2711,14.1698,15.0439,17.2414,17.4015,17.719,18.3993,18.5877,18.6845,18.3528,18.2315,17.6118,17.9772,18.3121,18.5535,18.4823,19.2075,20.5798,21.0222,21.5171,21.5462,21.3153,21.5096,21.5581,21.5768,22.1256,21.4489,20.9407,20.8547,20.9329,20.8286,20.8084,20.4882,20.4133,20.5469,22.0038,21.9234,21.2776,22.0649,22.887,22.8454,23.041,22.7194,22.6953,22.5453,22.5747,22.3911,22.2853,22.25,23.0604,23.0861,23.1284,23.3305,23.2367,23.3059,23.2745,23.228,23.051,22.9589,23.1508,24.1996,24.4909,25.1813,25.2222,25.1808,25.1258,25.1128,24.675,24.7389,25.1281,24.9174,24.7658,24.8737,24.5915,24.6164,25.1431,25.1768,24.8921,24.9088,25.074,25.1519,25.1198,25.6818,24.8574,24.8603,24.5868,24.6612,24.8536,24.5456,24.5611,24.6919,24.569,24.5368,24.1818,24.0757,23.3153,23.372,23.1196,22.7564
"RNTI 6 Length, Avg, Std:",731,MCS Avg: 24.18,MCS Std: 3.02,SINR Avg: 19.83,SINR Std: 3.48
RNTI 7 MCS:,15,15,15,15,15,13,13,13,18,20,20,18,18,18,18,18,20,18,18,20,18,20,18,20,20,20,20,20,20,20,20,20,20,20,20,20,20,20,20,20,22,22,22,20,20,20,20,20,20,20,22,20,22,22,22,22,22,22,24,24,22,22,24,22,24,22,22,22,22,22,22,22,22,22,24,24,24,24,24,24,22,22,22,22,24,24,24,24,24,24,24,24,24,24,24,24,24,24,24,24,24,24,24,24,24,26,26,26,26,26,26,26,26,26,26,26,26,26,26,26,26,26,24,24,24,24,24,26,26,24,26,24,24,24,26,26,26,26,26,26,26,26,26,26,26,26,26,26,26,26,26,28,28,28,28,28,26,26,26,26,26,26,26,26,26,26,26,26,26,26,26,26,26,26,26,26,28,28,28,28,26,26,26,26,28,28,28,28,28,28,28,28,28,28,28,28,26,26,26,26,26,26,26,26,26,24,26,26,26,24,24,24,24,24,24,24,24,24,24,24,24,22,22,22,22,22,20,20,20,20,20,20,20,20,20,20,20,20,20,20,20,22,22,22,22,22,22,22,22,22,22,22,22,22,22,22,22,22,22,24,22,24,24,24,24,22,22,22,22,22,22,20,22,22,22,22,22,22,22,20,22,20,20,20,20,20,20,20,20,20,20,20,20,20,18,20,18,20,20,20,20,22,22,22,22,20,22,22,22,22,22,22,22,22,22,22,22,22,22,22,22,22,22,22,22,22,22,20,20,20,20,20,20,20,20,20,20,20,20,20,20,20,20,22,18,18,18,18,18,18,18,18,18,18,18,18,18,18,18,18,18,18,18,18,18,18,18,15,15,15,15,15,15,15,18,15,15,15,15,15,15,15,15,15,18,18,15,18,18,20,18,20,20,20,20,20,20,20,20,20,20,20,20,20,20,20,18,18,18,18,18,18,18,18,18,18,18,18,20,20,20,20,20,20,20,20,22,24,24,24,24,24,24,24,24,24,24,24,24,24,24,24,24,24,24,22,22,24,24,24,22,24,22,22,22,22,22,22,22,22,22,22,22,22,22,24,24,24,24,24,24,24,24,22,24,24,22,22,22,22,24,24,24,24,24,24,24,24,22,22,22,22,22,22,22,22,22,22,22,22,22,22,22,22,22,20,20,20,22,22,22,22,22,22,22,22,22,22,20,20,20,20,20,20,18,18,18,18,18,18,18,18,18,18,18,18,18,18,18,18,18,18,22,22,22,22,22,22,22,22,22,22,22,22,22,22,22,22,22,22,22,22,24,24,24,24,24,24,24,22,22,22,22,24,24,24,24,24,24,24,24,24,24,24,24,24,24,24,24,24,24,24,24,24,24,22,22,22,24,24,24,24,24,24,22,22,22,22,22,22,22,22,22,22,22,22,22,24,24,24,24,24,24,22,24,24,24,24,24,24,24,22,22,22,22,22,22,22,24,24,24,22,24,24,24,22,22,22,22,22,20,20,20,20,20,22,22,18,18,18,18,18,18,18,18,18,18,18,15,15,13,13,13,13,13,13,13,13,15,15,15,15,15,15,18,15,15,13,13,13,13,13,13,13,13,13,13,13,13,13,13,13,13,13,13,13,13,13,13,13,13,13,13,13,13,15,15,15,15,15,15,15,15,15,15,15,15,15,15,15,15,15,18,18,18,15,15,15,15,15,15,15,15,15,18,18,18,18,18,18,18,18,20,20,20,20,20,20,20,20,20,22,24,24,22,22,22,20,20,20,20,20,20,20,22,22,22,22,22,22,22,22,22,22,22,22,22,22,24,24,24,24,22,24,24,24,22,22,22,22,22,22,24,24,24,24,24,24,24,24,24,24,22,22,22,22,22,22,22,22,22,24,24,24,24,24,24,24,24,24,24,24,24,22,22,22
RNTI 7 SINR:,11.2756,10.7818,10.4869,10.6178,10.4605,9.40679,9.41358,9.26425,12.9923,14.3715,14.2401,14.0689,13.6856,13.9684,13.9609,14.2872,14.3386,14.2283,14.2634,14.1896,14.207,14.2393,14.4284,14.6099,14.8482,14.7822,14.7622,14.4839,14.6726,14.6491,14.7647,14.7481,14.8296,14.9633,15.4131,15.7154,15.8073,15.7702,15.7952,15.958,16.1552,15.996,16.0607,15.7597,15.6802,15.7049,15.7293,15.5801,15.7142,16.1523,16.1382,16.035,17.3372,17.2513,17.6649,17.7145,17.6497,17.7074,18.0344,18.0439,17.7172,17.8322,17.9675,17.4472,17.8443,17.6714,17.6161,17.5109,17.4156,17.3347,17.2336,17.0805,17.0947,17.2679,18.0966,18.657,18.0914,17.873,17.9356,17.8679,17.0941,17.0871,17.303,17.2181,18.0869,18.2037,18.4882,18.4644,18.7517,18.6733,19.363,19.524,19.1794,19.1528,19.2389,19.1307,19.1652,19.0837,19.1239,19.1795,19.098,19.111,19.0102,19.0337,19.0925,22.6087,22.38,22.3417,22.4188,22.4786,22.3545,22.371,22.3171,21.4394,21.219,21.1354,20.8534,20.3069,21.3548,21.477,20.6539,19.9224,18.3374,19.5687,18.3015,19.6937,19.6642,20.1078,20.0663,19.8383,19.9762,19.617,19.7215,19.6726,20.6085,21.2281,21.1172,21.0582,20.5329,20.5421,20.4675,20.4379,20.5843,20.6725,22.0535,22.2478,22.2107,22.3522,22.4119,22.4979,22.3926,23.8794,23.7985,24.0401,24.0961,23.6455,23.2267,22.8492,22.3945,21.7425,21.6475,21.8004,21.3323,21.2711,22.041,22.166,22.223,21.7027,21.8098,22.0156,22.0513,22.6785,22.4043,23.1879,23.3903,23.5011,23.7761,24.6639,23.8724,24.0536,23.239,22.9457,22.8595,22.9341,23.8636,24.4847,24.4527,24.5581,24.9214,24.9191,24.5687,24.5585,24.2825,24.8687,25.1079,23.9705,23.203,22.972,22.5845,23.1337,22.4112,21.9536,21.7594,21.4019,21.3639,19.8049,20.3932,20.5507,20.6935,19.0537,18.8343,18.3375,18.3883,18.5077,18.3612,18.3176,18.6868,18.7759,18.5308,18.5342,18.1525,16.6471,16.635,16.6481,16.4207,16.8517,16.0647,15.9142,15.2516,15.2042,14.3917,15.1856,14.982,14.9108,15.2066,15.4467,15.7694,15.8348,15.5319,15.6551,15.6405,16.9723,16.6931,17.6154,17.5977,17.6456,17.3283,16.6621,16.8023,17.1607,16.945,16.9014,16.9782,17.433,17.2996,16.8957,16.7647,17.2776,17.6189,18.0604,17.8652,18.1139,18.0193,18.5465,18.4376,17.4184,16.8308,16.6427,16.8859,16.9147,16.8225,15.8898,16.3818,16.4466,16.5728,16.4299,16.1909,16.0814,16.021,15.9717,16.1843,15.569,15.7118,15.7551,15.3061,15.2943,15.7337,15.7607,15.7928,15.6484,15.6435,15.6926,15.1716,15.2804,14.3165,14.3647,14.0662,14.4369,14.328,14.9082,15.9626,16.134,16.0988,16.0776,15.9019,15.9881,16.0711,16.1501,16.2537,16.3669,16.2399,16.1677,16.1482,16.2728,16.4518,16.439,16.3513,16.4467,16.4187,16.5764,16.4431,16.6233,16.5433,16.2016,16.149,15.969,16.0495,15.5898,15.4996,15.4403,15.6386,15.5134,15.3138,15.1933,15.397,15.2089,15.0494,15.1488,15.0797,14.6258,14.5877,14.8474,16.0798,15.9397,13.6352,13.5859,13.5111,12.9314,13.0004,13.025,13.3244,13.292,13.269,13.2389,13.1249,13.2163,13.3302,12.9974,12.8082,12.9196,12.9733,12.9652,13.0973,12.9858,12.8719,12.69,12.5577,12.6479,12.1855,11.9585,12.0819,12.2365,12.0243,12.6239,12.4097,12.4676,12.3837,12.327,12.2343,12.1057,11.986,11.6997,11.7186,12.5706,12.8574,12.8482,12.2486,14.1967,14.1506,14.3063,14.232,14.4746,14.3381,14.3468,14.3318,14.3386,14.6154,14.4453,14.6443,14.7458,15.1166,14.9452,14.8675,14.8252,14.7506,14.3421,13.083,13.0694,13.161,13.2251,13.1309,13.065,13.092,13.0795,13.0864,13.0056,13.0358,13.6404,14.8016,15.7678,15.7666,14.6629,15.3749,15.555,15.5648,16.1127,16.1988,17.9407,18.0112,18.3979,18.3997,18.0958,18.5685,18.5907,18.5113,18.5804,18.7077,18.7619,18.8226,18.9116,18.8137,18.8035,18.2684,18.2683,18.2347,17.7788,17.8739,17.8813,17.8636,17.9445,17.9216,17.9493,16.8334,16.5565,16.5326,16.5649,16.783,16.6355,16.7045,16.6084,16.7999,16.3964,17.1038,17.8999,18.0017,18.2329,18.0953,18.0558,17.9201,18.1403,18.1321,19.6263,17.9469,17.7108,18.0142,17.9261,17.357,17.4507,17.6304,17.6823,18.0598,18.3846,18.4657,19.062,19.096,19.3052,19.3438,19.438,17.2938,17.3965,17.3096,17.1327,17.1794,17.0235,17.0386,16.8662,16.8569,16.7752,16.7035,16.3962,16.4594,16.4277,16.3992,16.5496,16.511,15.5277,15.4816,15.399,16.7386,16.7256,16.6556,15.9493,16.1858,16.2516,16.1474,16.2996,16.3136,16.4302,15.6147,15.5218,15.3435,14.9847,14.4226,14.2786,14.0336,14.0798,13.8381,13.7487,14.0244,13.9177,13.8683,13.8841,13.7173,13.7493,13.7602,13.8856,13.8831,13.9447,13.9815,13.9139,13.7495,13.9522,16.2269,16.4935,16.687,16.8518,16.6633,16.8668,16.8601,17.1481,16.7881,16.7064,16.582,16.5837,16.4325,16.4669,16.5926,17.6896,17.8077,17.5377,17.6776,17.9513,18.5482,18.1462,18.2058,18.0758,18.0298,17.9831,18.4158,17.7166,17.8711,17.903,18.0857,18.2747,18.4025,18.5697,18.8202,18.5664,18.6686,18.5979,18.6468,18.731,18.6372,18.3771,18.327,18.7453,18.8562,19.0707,19.196,19.2275,18.4747,18.6081,18.2907,18.3601,18.0376,17.6639,17.809,17.7707,18.2688,18.0961,17.9887,18.6113,18.8118,18.6407,17.7415,17.5165,17.427,17.5954,17.5516,17.7442,17.5652,17.4343,17.3952,17.1959,17.2059,17.2395,17.2666,17.798,17.9109,18.2816,18.2562,18.1444,18.0721,17.9339,18.167,18.0967,18.174,18.1701,18.0795,18.2126,18.1485,16.8802,16.9102,16.6446,16.877,17.0091,17.1339,17.0523,18.372,18.1766,18.0161,17.9138,18.0758,17.8976,18.017,17.9467,17.7425,17.8494,16.3082,16.4017,15.7611,15.8283,15.6455,15.9485,15.985,16.3331,16.0107,13.4033,13.4031,13.4915,12.9833,13.1305,13.0716,12.8684,12.6364,12.6652,12.708,12.5069,11.266,10.3281,10.3295,10.3054,10.1489,9.86488,10.0026,10.3927,10.4014,10.3965,11.2835,11.2998,11.4794,11.2842,11.123,10.9937,12.5176,12.3043,10.9006,10.2842,10.1717,9.3237,9.26415,9.30094,9.37822,9.45281,8.92888,8.82445,8.89234,9.01281,10.2501,10.1496,10.1237,9.65961,9.84838,9.6912,9.91714,9.5462,9.54384,9.21334,9.12104,8.95715,8.926,8.97936,9.41032,9.48048,9.44105,11.8343,11.9199,11.9843,11.7236,11.4765,11.7252,11.5726,11.9486,12.2774,12.2204,11.0125,10.817,10.7265,10.8306,11.6925,11.3602,11.5063,13.3164,13.1068,12.9975,12.424,12.2768,12.1216,11.7736,12.0479,12.1687,12.0664,12.3548,12.5779,12.7345,13.0326,13.1235,13.3125,13.0741,12.9681,13.2314,13.7591,14.4923,14.603,14.7,15.2886,15.1473,15.3217,15.2512,15.0625,15.1758,16.2067,18.1046,17.9581,16.4754,16.4106,16.3948,15.3017,15.4908,15.5844,15.4642,15.5092,15.9604,16.0084,16.7013,16.7759,16.8598,17.1132,17.1446,16.8081,16.8234,16.8032,17.2846,17.1373,17.1041,17.0428,16.9919,16.8198,18.1413,18.0206,18.0149,17.9954,17.3642,18.0831,18.0751,17.952,17.3608,17.3525,17.9856,17.9015,17.8458,17.9718,18.1594,18.2938,18.2805,18.1611,18.0739,18.5135,18.2588,18.0461,18.2508,18.0336,17.8114,17.9255,17.185,17.0369,16.7988,16.8889,16.8835,17.1468,17.111,18.347,18.0897,18.0982,18.0445,18.313,18.1868,18.5315,18.4213,18.5845,18.4513,18.0622,18.2149,17.0594,16.6825,16.8742
"RNTI 7 Length, Avg, Std:",836,MCS Avg: 21.26,MCS Std: 3.50,SINR Avg: 16.51,SINR Std: 3.22
RNTI 8 MCS:,11,11,11,11,11,13,13,13,13,13,13,13,13,13,15,15,15,13,13,13,13,13,13,13,13,13,13,15,15,15,15,15,11,11,11,11,11,15,13,13,13,13,13,13,13,13,13,13,13,13,13,13,13,13,13,13,13,13,13,13,13,13,13,13,13,13,11,11,11,11,11,11,11,11,11,11,13,15,15,15,15,15,15,15,15,15,15,15,15,15,15,15,15,15,15,15,15,15,15,15,15,15,15,15,13,13,13,13,13,13,13,13,13,13,13,13,13,13,13,13,13,13,13,13,13,13,13,15,15,15,15,18,18,18,15,15,15,15,15,15,15,15,15,15,15,15,15,15,15,15,15,15,15,15,15,15,15,13,13,13,13,13,13,11,13,13,13,13,13,13,13,13,13,13,13,11,11,13,13,13,13,15,13,15,15,15,15,15,15,15,15,15,15,15,18,15,15,18,18,18,13,13,15,15,15,15,15,15,15,15,15,15,15,15,15,15,15,15,15,15,15,15,15,15,15,15,18,18,20,18,18,18,18,18,18,18,18,18,18,18,18,18,18,18,18,18,18,18,18,18,18,18,18,18,15,15,15,15,18,18,18,18,18,18,18,18,18,18,18,18,18,18,18,20,20,20,20,20,20,20,20,20,20,18,18,18,18,20,18,18,18,20,20,20,20,20,20,20,20,20,20,20,20,20,20,20,20,20,20,22,22,22,22,24,24,24,24,22,22,22,22,22,22,22,22,22,22,22,22,20,20,20,20,22,22,22,22,22,20,18,18,18,18,20,20,20,20,20,18,18,18,18,18,18,18,18,18,18,18,18,18,18,15,15,15,15,15,15,13,15,15,15,15,15,15,15,15,15,15,15,15,15,15,13,13,13,13,13,15,15,15,15,15,15,13,13,13,13,13,15,15,15,15,15,15,15,15,15,15,15,15,15,15,15,15,15,15,15,15,13,15,15,15,15,15,15,15,15,15,15,15,15,15,15,15,15,15,15,15,15,15,15,15,15,15,15,15,15,15,15,15,15,15,15,15,15,18,18,18,18,18,18,18,18,15,15,15,15,15,15,15,15,15,15,15,15,15,15,15,13,11,13,13,13,13,13,13,13,13,13,13,11,11,11,11,11,11,8,8,8,8,8,8,8,8,8,8,8,11,11,11,11,11,8,8,8,11,8,8,8,8,8,8,8,8,8,8,8,8,8,8,11,8,11,13,15,15,15,15,13,13,13,13,13,13,11,11,11,11,11,11,11,11,11,11,11,11,11,11,11,11,11,11,11,11,11,11,11,11,11,11,11,11,11,8,6,8,8,8,8,8,8,8,8,8,8,8,8,8,8,8,8,8,8,8,8,8,8,8,8,8,8,8,6,8,8,6,4,4,4,4,4,4,2,4,4,2,2,2,2,2,2,0,0,2,2,2,4,4,4,4,4,4,4,4,4,4,4,4,4,4,4,4,4,4,4,4,4,4,4,4,2,2,2,4,4,4,6,6,6,6,6,6,6,8,8,8,8,8,8,8,8,8,13,11,13,11,11,11,11,11,11,11,11,11,11,11,8,8,8,11,8,8,8,8,8,8,11,11,8,8,8,11,11,13,13,13,13,13,13,13,13,13,13,15,15,13,13,13,13,13,13,13,13,13,13,11,11,11,11,11,11,11,8,8,8,6,8,6,6,6,6,6,11,11,8,11,11,11,11
RNTI 8 SINR:,8.63808,7.61789,7.71643,7.76057,8.19274,9.11771,9.19341,9.1654,10.3156,10.0239,10.1785,10.3355,10.36,10.404,10.7897,11.0212,10.6842,10.3342,10.3294,10.3184,10.2187,10.3548,10.4377,10.55,10.5031,10.4296,10.5496,10.618,10.7006,10.72,10.7014,10.5115,8.14568,8.34892,8.14015,7.97959,7.83115,10.5204,10.2132,10.0792,10.1663,10.4119,10.3115,9.26226,9.16876,9.17761,8.98304,9.73789,9.59012,9.72295,9.8858,10.0339,10.0225,10.0237,9.39622,9.54236,9.22156,9.01413,9.27538,9.11246,9.13767,9.44003,9.09082,8.96432,8.84692,9.75983,8.28413,8.37797,8.2707,8.0513,8.3628,8.37944,8.19559,8.45069,8.56193,8.50036,8.89716,10.6641,10.7375,10.9274,11.4099,11.4122,11.2519,11.2602,11.2153,11.2287,11.2783,11.2262,11.4153,11.4448,11.2492,11.2276,11.1529,11.0506,11.2196,11.5102,11.5882,11.5989,11.838,11.7058,11.7762,11.3877,11.5999,11.7134,9.25497,9.37575,9.47389,9.37612,9.12814,9.08698,9.19731,9.07585,9.50444,9.28684,8.73415,9.09095,8.9525,9.50605,9.67007,9.44724,9.63433,9.96647,9.86034,10.4438,10.1828,10.1941,10.1678,10.7674,12.4061,12.4479,12.4733,12.715,12.6543,12.6615,12.6441,12.4346,12.237,12.4556,12.1746,12.1883,12.1919,11.6969,11.4238,11.6227,11.6929,11.5773,11.1865,11.3636,11.3674,11.3699,11.1396,11.3456,11.2821,11.2076,11.4114,11.7508,11.1864,9.98383,8.98255,9.20163,9.26926,8.89447,8.5438,8.75795,8.86037,8.81282,8.78394,9.08697,9.13779,9.39518,9.14062,9.40442,9.20569,9.10738,8.6308,7.96144,8.03409,9.74184,9.95726,10.0456,10.4888,10.5251,10.518,10.6498,11.0648,11.1907,10.8688,10.9802,11.3479,11.2653,11.3705,11.8253,11.9752,12.4734,12.6018,12.2537,12.3862,13.2065,13.2213,12.5805,10.4408,10.3741,10.682,10.812,10.7092,11.0556,10.8915,11.0788,11.435,11.5656,12.2588,12.0569,12.0024,11.8765,11.8127,11.6139,11.3855,11.4483,11.6188,11.351,10.9236,11.1342,11.4914,11.0653,11.9121,12.1102,13.8252,14.2713,14.3189,14.2337,14.0507,13.8574,13.2909,13.2395,13.3653,13.1955,13.2256,13.6875,13.7564,13.8052,13.895,13.7722,13.7029,13.698,13.5618,13.3783,13.0018,13.119,13.1887,13.2539,13.0138,14.1219,13.4467,13.4845,11.9876,11.9601,12.1307,12.0407,12.6806,13.0009,12.6726,13.6153,13.4541,13.1993,13.1765,13.0799,12.9861,12.8741,12.7197,13.285,13.3194,14.2484,14.3294,14.5014,14.9158,14.7048,14.7765,14.751,14.7988,14.8689,14.8178,14.6669,14.735,14.2195,14.207,14.1068,14.0781,14.3382,13.9593,14.0172,13.897,14.4269,14.5224,14.6601,15.1066,14.9983,14.8523,14.7798,15.161,15.4287,15.5202,15.3799,15.3731,14.939,15.2345,14.5321,14.5437,14.3911,15.1054,16.0766,17.1118,17.2488,17.2497,17.9346,18.0218,18.1241,18.1989,17.3576,17.4229,17.4768,17.7775,17.9805,18.0384,17.5208,17.4786,17.6189,17.4609,16.9347,16.8859,15.7147,15.0168,14.9182,16.0824,16.166,16.7781,16.9683,17.0706,16.7879,14.541,14.1858,14.0369,14.1807,14.1701,14.257,14.4829,14.3116,14.3656,14.3401,14.1474,14.1924,14.2709,14.1125,14.1153,14.0594,13.9043,13.9987,13.5878,13.5546,13.2506,13.0321,12.9311,12.9618,11.0716,10.9467,11.1464,10.5069,10.3411,10.6995,10.243,10.6112,11.204,11.13,10.9954,11.1697,11.0568,10.9739,11.1346,11.0049,10.93,10.8462,10.7681,10.7325,10.7377,9.48676,9.64376,9.87242,9.9757,9.85189,11.4853,11.2292,11.3896,11.346,11.2837,10.5421,10.1501,10.1261,10.2714,10.2589,10.6161,11.846,11.9398,11.9837,11.6561,11.7226,11.3354,10.9207,10.9445,11.1183,10.9189,10.9685,10.9805,11.2244,11.2035,11.3702,11.4526,11.1979,11.2356,11.0141,10.6275,9.20292,11.2083,11.2026,11.3508,10.9331,11.0228,11.1659,10.7495,10.7189,12.0024,11.9954,11.8355,11.8003,11.7285,11.8767,11.8892,11.591,11.7506,11.7162,12.0462,11.4769,11.4246,11.246,11.1141,11.5145,12.0046,12.1101,11.9025,11.9821,11.972,11.8273,11.8084,11.7589,11.8572,11.9587,11.9739,11.7868,12.6802,12.7651,12.9372,12.811,12.8313,12.8468,13.0277,12.6773,11.4907,11.4557,11.4193,11.528,11.6139,11.5681,11.7149,11.5986,11.4249,11.5138,11.65,11.6055,11.7145,11.8871,11.9617,10.3773,8.73,8.8935,9.04149,9.20185,9.20473,9.54944,9.55911,9.74943,9.79424,9.73308,9.50643,8.35119,8.46109,7.69433,7.62763,7.53039,7.1389,5.91736,5.99878,6.15569,6.16912,6.28878,5.99565,5.57783,5.81961,5.81068,5.99379,6.30971,7.54684,7.43257,7.41038,7.30395,7.19702,5.96777,6.22759,6.24864,7.04798,6.64796,6.31368,6.2452,6.48157,6.66759,6.79555,6.63327,6.59795,6.46605,6.24912,6.20873,6.25659,6.13226,5.93026,7.10249,6.21128,8.23078,9.94076,11.0239,10.9097,10.7889,10.6779,9.79866,9.81889,10.0116,10.0469,9.54499,8.61636,7.60346,7.63741,7.60492,7.67506,7.53847,7.48655,7.43133,7.26758,7.30341,7.64056,7.55402,7.36859,7.35288,7.50195,7.3478,7.41854,7.28575,7.52344,7.64042,7.69402,7.66039,7.66073,7.48989,7.58295,7.71929,7.58912,7.60885,7.74706,7.75732,4.93298,4.72087,5.75018,5.66653,5.69874,5.54926,5.70177,5.5323,5.47587,5.29842,5.10466,5.16815,5.40542,5.45542,5.4427,5.40225,5.4723,5.44158,5.38385,5.16833,5.34975,5.648,6.03185,6.55779,5.5894,6.23931,5.97148,6.21145,6.01497,4.83008,5.00117,5.07984,4.90933,2.06457,2.1067,2.29332,2.17438,2.25966,1.98053,2.02898,2.22195,1.96635,1.89175,2.00672,1.95201,1.9499,1.73938,1.67918,0.239576,0.329295,1.25995,1.43333,1.51947,2.07902,2.50931,2.4304,2.19729,2.58335,3.51888,3.35407,3.31984,3.62927,3.73762,3.71507,3.64009,3.37187,2.57663,2.74734,3.18234,3.4404,3.34878,3.43702,3.27957,3.15375,2.90955,2.92414,2.92813,1.93602,1.82839,2.12275,2.03623,2.16292,2.30571,3.96116,4.20728,4.34566,4.28196,4.64179,4.79244,4.62551,5.04498,5.94087,6.02339,4.91196,6.47991,6.31023,6.19493,5.97702,5.47513,8.82054,8.81106,8.80217,7.59167,7.79581,7.94814,7.5112,7.33181,7.37979,7.36659,7.37645,7.53672,7.3209,7.179,6.96058,7.01213,6.8941,7.6307,6.15333,6.2147,6.23007,6.59561,6.73445,6.74874,7.1537,7.04374,6.93621,7.01048,6.73943,7.36054,8.69512,8.72932,8.78165,8.99906,8.83457,8.87006,8.76756,9.10697,9.9467,10.4353,10.519,10.7058,10.9277,10.0778,10.1861,10.183,9.44325,9.37865,9.27536,9.8254,8.66628,9.73947,9.50737,8.2293,8.45097,8.2727,7.44827,7.71472,7.57013,7.5492,6.91019,6.77641,5.20347,4.83399,5.05378,4.40456,4.5221,4.49476,4.69077,4.80887,7.74574,7.4921,6.5434,7.88041,8.23014,8.14975,8.22336
"RNTI 8 Length, Avg, Std:",750,MCS Avg: 13.17,MCS Std: 4.48,SINR Avg: 9.83,SINR Std: 3.48
RNTI 9 MCS:,11,11,13,13,11,11,11,13,13,13,13,13,13,13,13,13,13,13,13,13,13,13,13,13,15,15,15,15,15,15,15,15,13,15,15,13,13,13,13,13,13,13,13,13,13,13,13,13,13,13,13,13,13,13,13,13,13,13,13,13,13,13,13,13,13,13,13,13,13,13,13,13,13,13,13,13,13,13,13,13,13,13,13,13,13,13,11,11,11,11,11,13,13,13,13,13,13,13,13,15,15,15,15,15,15,15,13,15,15,13,13,13,13,13,13,13,13,13,13,13,13,13,11,11,11,13,13,13,11,13,11,11,11,11,11,11,11,11,11,13,13,13,11,13,13,13,13,13,13,13,13,13,13,13,13,13,13,13,13,13,13,13,13,13,13,13,13,13,11,13,13,11,8,8,11,8,8,8,8,8,8,8,8,8,8,8,8,8,8,8,6,6,6,6,6,6,6,6,6,6,6,6,6,8,6,6,6,6,6,6,8,8,8,8,6,6,6,8,8,6,6,6,6,6,8,8,6,6,4,6,6,4,6,6,6,4,4,4,4,4,4,4,4,4,4,4,4,4,4,4,4,4,4,4,4,2,2,2,4,4,4,4,4,4,4,4,4,4,4,4,6,6,6,8,8,8,8,8,8,8,6,6,4,4,4,4,2,2,2,2,2,2,2,2,2,4,4,4,4,4,4,4,4,4,4,4,4,4,4,4,6,6,6,8,8,8,8,8,8,8,8,8,8,8,8,8,8,8,8,8,8,8,8,8,8,8,8,11,11,11,11,11,11,11,11,11,8,8,11,8,11,8,11,8,8,8,8,8,8,8,8,8,8,8,8,8,8,8,8,8,8,8,8,8,8,8,8,11,8,8,8,8,8,11,11,11,8,8,8,8,8,8,8,8,8,8,8,8,8,8,11,11,11,11,11,11,11,11,11,11,11,11,11,11,11,11,11,11,11,11,11,8,8,11,8,11,11,13,13,13,13,13,13,13,13,13,11,11,8,8,8,8,8,8,8,8,8,8,8,8,8,8,8,8,8,8,8,8,8,8,8,8,8,8,8,8,8,8,8,8,8,8,8,8,8,8,8,8,8,8,8,8,8,8,8,8,8,8,8,8,8,8,8,8,6,8,8,8,8,8,8,8,8,8,8,8,11,13,8,8,8,8,8,8,8,8,8,8,8,8,8,8,8,8,8,8,8,8,8,8,8,8,8,8,8,8,8,8,8,8,8,8,8,8,8,8,8,8,8,8,8,8,8,8,8,8,8,8,8,8,8,8,8,8,8,8,8,8,8,8,8,8,8,8,8,8,8,8,8,11,11,11,11,11,11,11,11,8,8,8,8,8,8,8,8,8,8,8,8,8,8,8,8,8,8,8,11,11,11,11,11,13,13,13,13,13,13,13,11,11,11,11,8,8,8,8,8,8,11,11,11,11,11,11,11,11,11,11,11,11,11,11,11,11,11,11,11,11,11,11,11,11,11,11,11,11,11,11,11,11,11,8,8,8,8,8,8,8,8,8,8,11,8,8,8,8,8,11,11,11,8,8,8,8,8,8,8,11,11,11,11,11,11,11,11,11,11,11,13,13,13,13,13,13,13,13,11,13,13,11,11,11,11,11,11,11,11,11,11,11,13,13,13,13,13,11,11,13,13,13,13,11,11,11,11,11,11,11,11,11,11,11,11,11,11,11,11,11,11,11,13,13,13,13,11,13,13,13,13,13,13,13,13,13,15,15,15,15,15,11,11,11,11,11,11,11,11,11,11,11,11,11,11,11,11,11,11,11,13,13,13,11,13,13,13,13,13,13,13,13,13,13,13,13,13,13,13,13,13,13,13,13,13,13,15,15,15,15,13,13,13,13,13,13,13,13,13,13,13,13,13,13,13,13,13,13,13,13,13,13,13,13,13,13,13,13,13,13,13,13,11,11,13,13,13,13,13,13,13,13,13,13,13,15,15,15,15,15,15,15,15,15,15,15,15,15,13,15,15,15,15,15,15,15,15
RNTI 9 SINR:,8.53016,8.76123,8.78128,8.60002,8.59611,8.74039,8.73854,9.0424,9.24994,9.00577,9.0415,9.04927,9.20413,8.98172,8.97976,8.78697,8.86719,8.96285,9.00628,8.87277,8.81991,8.87707,8.9777,9.124,10.8642,10.8143,10.6601,10.8382,10.9742,10.7741,10.6729,10.6717,10.6306,10.8389,10.7309,9.50603,9.31784,9.46174,9.60069,9.6805,9.67329,9.72944,9.86768,9.97111,9.97735,9.89671,9.84333,9.82099,9.77255,9.47837,9.38429,9.14486,9.15235,9.58617,9.53596,9.6466,9.66717,9.88853,9.85383,9.7689,9.70875,9.29402,9.08815,9.1264,9.06981,9.36048,9.30555,9.43919,9.39928,9.60396,9.48179,9.55901,9.65333,9.55751,9.59726,10.2343,9.89815,9.77468,9.47033,9.48243,9.61646,9.86059,9.80993,9.93882,9.66932,9.10878,8.36508,8.40342,8.38366,8.25859,8.35747,9.9383,10.0337,10.0587,10.0856,10.1479,10.4634,9.92411,9.99285,10.5105,10.8305,10.6881,10.8335,10.6268,10.8074,10.779,10.1954,10.9342,10.6878,9.92298,9.93112,9.96848,10.1127,10.1275,10.1341,10.0308,9.69764,9.41734,9.61171,9.55011,9.54082,9.45201,8.49043,8.28854,8.45078,9.02473,8.91269,8.69658,8.69163,8.70322,8.59557,8.47112,8.29941,8.48712,8.57966,8.73534,8.01814,8.33553,8.71272,8.84354,8.9724,8.86972,8.83869,8.95148,9.22832,9.26758,9.364,9.32439,9.33708,9.19553,9.43165,9.52482,9.61844,9.56166,9.64104,9.53197,9.70698,9.53805,9.43042,9.37028,9.35352,9.20974,9.13155,9.23863,9.2302,9.28297,9.23044,9.03288,8.62292,8.81405,9.00648,8.09462,7.22245,7.24851,7.56568,6.32835,6.18507,5.92066,6.17562,6.17985,6.31449,6.36071,5.70573,5.50023,5.71669,5.62802,5.61368,5.44706,5.23075,5.14492,4.88712,4.92189,4.87441,4.99267,4.78049,4.51946,4.79888,4.78707,4.67871,4.71456,4.91105,4.8985,4.9553,5.13379,4.92556,4.05814,4.08308,4.66898,4.86663,4.99164,5.21699,6.39231,5.8244,5.15422,4.99564,4.95103,4.93134,5.01469,4.96571,4.7995,4.99089,4.9256,4.79516,4.85325,5.56394,5.45004,4.67575,4.40644,3.99198,4.09828,4.19469,3.59905,4.52865,4.91827,4.71052,3.44527,3.36061,2.99674,3.23612,2.57176,2.81965,2.72798,2.77781,2.86165,2.68044,2.79886,2.84278,3.27484,3.20963,3.02775,2.91848,2.56023,2.30587,2.21082,2.29916,2.05812,1.43875,1.73934,2.14292,2.53243,2.48979,2.75874,2.52861,2.62361,2.88372,2.87186,3.48793,3.44859,3.50503,3.51777,3.93433,5.01245,4.66999,5.72782,5.6776,5.88231,5.84926,5.67156,5.45746,5.45846,4.20754,3.91974,3.48932,3.48907,3.27895,2.20226,1.12963,1.30894,1.24552,1.33443,1.4624,1.47454,1.57383,1.00302,1.05771,2.1625,2.50002,2.34581,2.40269,2.11252,2.30512,3.13702,3.05942,3.70432,3.71083,3.62194,3.55702,3.85392,3.82614,3.85747,4.6623,4.50846,4.50134,5.23473,5.7805,5.69611,6.70325,6.82953,7.16075,6.83514,6.15498,6.26011,6.53928,6.1323,6.57301,6.54204,5.86194,6.16336,6.47909,6.08995,5.12523,5.74039,6.09924,5.87386,6.84902,6.86527,6.74658,7.31644,7.47182,7.50958,7.32818,7.45796,7.84647,7.88801,7.55678,7.52704,6.85379,7.00027,7.20504,7.08508,7.25615,7.25053,7.30943,6.97336,7.04207,6.74311,6.4883,5.84932,5.9434,5.90217,5.68938,5.55171,6.19792,6.15569,6.26226,6.36277,6.76765,6.74709,6.66003,6.36401,6.46628,6.72978,6.64656,6.51527,6.59056,6.77122,6.98732,7.34088,6.9904,6.44103,6.4836,5.83724,6.79471,7.43861,7.34407,7.2456,6.82193,6.85134,6.61939,5.40813,6.90674,6.81778,6.96179,7.03229,6.37001,6.3099,6.96433,6.54102,6.3858,6.52206,7.99556,8.1323,8.17605,7.97828,8.08805,8.25363,8.46642,7.40504,7.29011,7.52865,7.5599,7.76555,7.7327,7.76018,7.89478,7.84934,7.80392,7.77888,7.95503,8.45034,7.21588,7.14752,7.29528,7.40595,7.24229,7.95164,8.07491,8.77249,9.02093,9.16518,9.1065,9.15599,9.07918,9.29191,9.093,8.99921,7.81549,7.34658,6.04939,6.0171,5.8396,5.81541,5.79353,5.94979,5.91439,5.89307,5.89488,6.22586,5.96714,6.24573,6.32322,6.21056,6.18738,6.02756,5.83095,5.69426,5.50741,5.77824,5.93438,5.97616,5.84123,5.89226,5.65454,5.62571,5.5797,5.55654,5.75373,5.50094,5.63122,5.83147,5.79247,5.84733,5.71277,5.98297,6.18829,6.22309,6.1249,6.26797,6.24921,6.13026,6.08205,5.90782,5.18181,5.11482,5.23943,5.04551,5.28035,5.28427,5.7716,5.64068,5.76862,5.59553,5.31046,5.23924,5.16791,6.51195,6.76639,6.72386,6.80294,6.62995,6.58112,6.30305,6.45055,6.67314,6.68761,6.59478,7.26596,8.57207,6.97458,7.30127,6.87368,7.06957,7.16724,6.78615,5.99236,6.02638,5.79923,6.49528,6.53307,6.38658,5.76286,5.72381,5.57857,5.44741,5.53604,5.37036,5.44275,5.46623,5.38045,5.18913,5.37397,5.32235,5.50853,5.37913,5.53627,6.43466,6.75116,6.5868,6.09149,5.93199,6.23405,6.05325,6.1512,6.13751,6.0287,5.896,5.86927,5.91685,5.70734,6.26154,6.2426,5.62297,5.80955,5.50482,5.41316,5.46933,5.38699,5.37472,5.58585,5.63804,5.35882,5.74801,5.81288,5.94046,5.33906,5.43736,5.45328,5.38918,5.51375,5.62252,5.68218,5.92803,6.15058,6.01189,5.88169,5.86296,6.41172,7.08042,6.70983,7.93588,7.95138,7.7262,7.65629,7.29313,7.24268,7.38196,7.25527,6.06225,5.93271,6.07174,6.77067,5.87268,5.52396,5.91583,5.81099,5.71135,5.51616,5.42161,5.40662,5.18014,5.25068,5.2123,5.31537,5.32012,5.28884,7.03202,7.19314,7.89433,8.28181,8.4615,8.33689,9.51747,9.5899,8.77451,9.09911,9.07691,8.8449,8.76879,7.45539,7.25032,7.12225,7.45038,6.70826,6.68367,6.76133,7.03709,6.93062,6.75983,7.17228,7.04923,7.22896,7.44978,7.49199,7.3514,7.20706,7.47014,7.44236,7.67027,7.61991,7.65937,7.87067,8.03585,8.0729,8.01781,7.9918,8.05435,7.94791,7.98242,7.97999,7.99532,7.89754,7.81436,7.89086,7.87309,7.72044,7.57666,7.75922,7.56285,7.27142,7.24324,7.08501,6.30529,7.16389,7.10459,6.9395,6.84127,7.19809,7.17951,7.16455,7.21842,7.16336,7.23605,7.11738,7.0705,7.02483,7.06127,7.22571,7.35301,7.949,7.20742,6.94849,6.50869,6.51653,6.56999,6.51331,6.51005,6.46074,7.84943,7.61774,7.36494,7.35528,7.19145,7.47238,7.86592,7.8738,7.81192,8.17105,8.03438,8.66111,9.25938,9.37921,9.43937,9.26177,9.10246,9.40133,10.5172,8.66401,8.98438,8.65673,7.86611,7.84414,8.42247,8.39145,8.36919,8.56332,8.31621,8.18722,8.49114,8.69773,8.72281,8.94634,8.94456,8.84093,9.00532,9.08049,8.55156,8.72421,8.84126,8.93591,9.86047,9.84309,8.03438,8.29265,8.29117,8.29142,8.02793,8.13335,8.0362,8.37502,8.24602,8.63543,7.91877,7.66132,7.55775,7.8655,7.92198,8.08739,8.13097,8.05891,8.11491,8.83132,8.76144,8.81582,8.70506,8.7356,8.75451,9.318,9.53111,9.64035,9.63611,9.51741,9.7512,9.9439,9.99428,10.8947,11.1163,11.1608,10.9924,10.9415,7.83147,7.81716,7.897,8.0094,8.0632,7.85611,7.74356,7.84578,8.07295,8.59455,8.63588,8.87069,8.62458,7.78467,7.93453,7.90591,8.55276,8.61284,8.67163,8.95841,8.88011,9.16043,8.30387,9.66416,9.83614,9.82787,9.8611,10.0461,10.1596,10.2459,10.4782,10.5347,10.2839,10.2865,10.139,9.82708,9.69403,9.89035,9.44337,9.25561,9.28504,9.17681,10.1131,10.2654,10.1892,11.1456,11.2906,11.8976,11.7236,10.4333,9.94731,10.2789,10.1523,9.29896,9.44541,9.54775,9.265,9.29596,9.28647,9.43209,9.52902,9.73574,9.68695,9.95771,9.82978,10.3171,9.7392,9.6557,9.57563,10.0032,10.1031,9.84724,9.94889,9.86311,9.76627,9.7371,10.4651,10.3621,10.1363,10.1914,10.1645,8.44042,8.22615,9.19988,10.0514,9.90972,10.1083,10.2265,9.98645,10.1812,10.2221,10.3808,10.2651,10.5476,11.0637,11.1831,11.1707,12.1275,12.2955,12.3824,12.2334,11.4757,11.6056,11.5294,11.4936,11.0167,10.6318,10.7743,11.134,11.2183,11.6653,11.976,11.7726,11.8333,11.8041,11.0932
"RNTI 9 Length, Avg, Std:",885,MCS Avg: 10.00,MCS Std: 3.04,SINR Avg: 7.42,SINR Std: 2.22
RNTI 10 MCS:,18,18,18,18,18,18,18,18,18,18,18,18,18,18,18,18,18,18,18,18,18,18,15,15,15,15,15,15,15,15,15,15,15,15,15,15,15,15,15,15,15,15,15,15,15,15,15,13,13,13,15,15,13,13,13,15,15,15,15,15,15,15,15,13,15,13,13,13,13,15,13,13,13,13,13,13,13,13,13,13,13,13,15,15,15,15,15,15,15,15,15,15,15,15,15,15,15,15,18,18,18,18,18,18,18,18,18,18,18,18,18,18,18,18,18,18,18,18,18,18,18,18,18,18,18,18,18,18,18,18,18,18,18,18,20,20,20,20,20,18,18,18,18,18,18,18,18,18,18,18,18,18,18,18,18,18,18,15,15,15,15,15,15,15,18,15,15,15,15,15,15,15,15,15,15,15,15,15,15,15,15,13,15,15,13,13,13,13,13,13,13,13,13,13,13,15,15,13,13,13,13,13,13,13,13,13,15,15,15,15,15,15,15,15,15,18,18,18,18,18,18,18,18,18,15,15,18,18,18,18,18,15,15,15,13,13,13,15,15,15,15,15,15,15,15,15,13,13,13,13,13,13,13,13,11,11,11,13,11,11,11,13,15,15,15,15,15,15,15,15,15,15,15,15,15,15,13,13,13,13,13,13,13,13,13,13,13,13,13,15,15,15,13,13,15,15,15,15,15,15,15,15,15,15,15,15,15,15,15,15,15,15,15,15,15,15,15,15,15,15,15,15,15,15,13,13,13,13,15,15,15,15,15,15,13,13,13,13,13,13,11,11,11,11,11,11,11,11,11,11,11,11,11,11,11,11,11,11,11,11,11,11,11,11,8,11,8,8,8,11,11,11,13,13,11,11,11,11,11,11,8,8,11,11,11,11,8,8,8,8,8,8,13,13,13,13,13,13,13,11,11,11,11,13,13,13,11,11,11,8,13,13,13,13,13,13,13,13,11,13,13,11,13,11,8,11,8,8,11,11,11,11,8,8,8,8,11,11,11,11,13,11,13,11,11,13,13,11,11,11,13,13,13,13,13,13,13,13,13,13,13,13,13,13,13,13,13,13,13,15,15,15,15,15,15,15,15,15,18,18,18,18,18,20,20,20,20,20,20,20,20,20,20,20,20,20,20,20,22,20,20,20,20,20,20,20,20,20,20,22,22,22,22,24,24,22,22,22,22,22,22,22,22,22,22,22,22,22,22,22,22,22,22,22,22,22,22,22,22,22,22,20,22,22,22,22,22,22,22,22,22,22,22,22,22,22,22,22,22,22,22,22,22,22,22,22,22,22,22,22,22,22,22,22,22,22,24,22,22,20,22,22,22,22,22,22,22,22,22,22,22,22,22,22,22,22,22,22,22,22,20,20,20,20,20,20,20,22,22,22,22,22,22,22,22,22,22,22,22,20,20,20,20,20,20,20,20,20,20,20,20,20,20,20,20,20,20,20,20,20,20,20,18,18,18,18,18,18,18,15,15,15,15,15,15,15,15,15,15,15,15,15,15,15,15,15,15,15,13,13,15,15,13,13,13,13,13,13,13,13,13,13,13,13,13,13,13,15,13,13,13,13,13,13,13,13,13,13,13,13,13,13,13,13,13,13,15,15,15,15,15,15,15,15,15,15,15,15,15,15,15,15,13,15,15,15,15,15,15,15,15,15,15,15,15,15,15,15,13,13,15,13,13,13,13,13,15,15,15,15,15,13,13,13,13,13,13,13,13,13,15,15,15,15,15,18,18,18,18,15,15,15,15,15,15,15,15,15,13,13,13,13,13,13,13,13,13,13,13,13,13,13,13,13,13,13,15,13,15,15,15
RNTI 10 SINR:,13.2785,13.5163,13.5621,13.4614,13.3264,13.3425,13.4505,13.5402,13.5557,13.4371,13.3351,13.2479,13.3454,13.5936,13.653,13.758,13.9624,13.6547,13.6239,13.4755,13.3715,13.5599,11.7821,11.6137,11.647,11.8394,11.9625,11.8221,11.6809,11.5492,11.5372,11.7095,11.6441,11.516,11.5749,11.4247,11.5224,11.7359,11.8588,10.8578,10.8599,10.9146,11.8106,11.8318,11.9515,11.659,10.8067,10.1647,10.0645,10.1926,10.3479,10.9102,10.4016,10.4016,10.2487,10.8122,10.6411,10.7809,12.0284,11.1819,11.0072,10.9811,10.8049,10.2874,10.7831,10.1916,10.2494,10.5213,10.4933,10.4834,9.17483,9.09032,9.13534,9.99118,10.0025,10.2219,10.0278,9.81565,9.59694,9.50233,9.63154,9.75695,10.6085,10.3927,10.4742,10.6789,10.7027,11.061,11.1002,10.8205,10.8806,11.0686,10.6723,10.5923,11.7417,11.6985,11.5474,11.3814,13.1749,13.0998,13.3124,13.4569,13.6859,13.7316,13.6685,13.6952,13.7481,13.6391,13.9466,13.9061,13.9059,13.9564,13.8124,14.1864,14.1257,14.0465,14.0362,14.0383,14.1172,13.9497,13.7288,13.523,13.3972,13.4735,13.4385,13.7999,13.8007,13.8264,13.9099,14.0978,14.035,14.167,14.2716,14.2452,14.3894,14.3533,14.2617,14.3468,14.3711,14.1751,14.0042,13.9755,13.9953,14.09,14.0398,13.5932,13.6001,13.5481,13.1135,13.0057,12.9691,12.924,12.7382,12.7663,12.9106,12.8438,12.8829,12.408,12.544,12.3772,12.4078,12.4271,12.3825,12.2942,12.5049,12.3911,12.0435,11.8376,11.7153,11.7001,11.7877,11.792,11.9074,12.1205,12.3674,12.0046,12.0837,12.0213,11.918,10.4845,10.8647,10.5267,10.5789,10.3963,9.86656,9.885,10.0135,9.87215,10.0224,10.2834,10.3396,10.1616,10.1646,9.93494,9.97326,10.7483,10.4279,9.72257,9.93352,9.7038,9.76939,9.804,10.0838,10.2689,10.4827,10.5326,10.7391,10.8266,10.7214,10.7936,11.8757,11.7119,11.4639,11.5096,12.4614,13.3964,13.7125,13.9229,13.8372,14.0248,13.1318,13.1842,12.7966,12.5186,12.5078,12.4253,13.03,13.2839,13.1724,13.199,13.3438,12.1177,12.2177,10.8188,10.0947,9.92898,10.0194,11.5019,11.6942,11.7625,12.3407,11.3181,10.9789,10.911,11.1051,10.5319,10.1115,10.183,9.91182,9.85949,10.1676,8.99606,9.15015,8.7596,8.38052,8.37036,8.53587,8.50838,8.04308,8.23158,8.05473,9.23867,11.1378,11.0942,11.0197,12.3383,11.879,11.9829,10.8281,10.84,11.1973,11.0758,11.2063,11.5401,11.4918,11.3986,10.2969,9.81087,9.71111,9.76661,9.71657,9.1983,9.27187,9.14369,9.15417,8.90041,8.94541,9.48936,9.4489,10.8517,10.8525,10.5321,10.3285,10.1014,11.8346,11.8644,11.8324,11.5642,11.4191,11.2343,11.5426,11.6994,12.4571,12.0207,12.0969,11.9515,11.4487,11.7665,11.5649,11.4604,11.4493,11.4485,11.7527,11.6965,11.6246,11.6583,11.4752,11.4809,10.7734,10.741,10.7588,10.6202,10.6967,10.7046,10.5212,10.6087,10.2339,10.2285,11.0833,11.0769,10.8515,10.8409,10.6648,10.4556,10.2814,10.3313,9.49262,8.88666,8.62615,8.60628,8.72516,8.2658,8.57218,8.28188,8.26168,7.89646,7.80882,7.81549,7.81937,7.74305,7.7806,7.8171,7.97157,7.95834,7.86612,7.76959,7.70367,7.47986,7.49006,7.34584,7.28385,7.36914,7.23842,7.19249,7.03125,7.10927,6.89387,7.00381,7.12242,7.41594,7.40185,7.38931,8.87488,8.88281,8.14478,7.5589,7.54957,7.37835,7.58923,7.53343,6.99875,7.02912,7.34735,7.49255,7.41742,7.52702,6.46046,6.28308,6.42191,6.53983,6.7807,6.70243,8.85961,8.91005,8.82394,8.97688,8.92206,8.89281,8.89429,8.34627,8.21023,8.3818,8.52381,8.60682,8.62195,8.69021,8.58204,7.57468,7.48004,6.01,9.06917,9.31529,9.31718,9.4063,9.28082,9.03838,8.96033,8.94854,8.64664,8.82109,8.70827,8.64147,8.74605,7.7203,7.00778,7.06769,7.12448,7.13105,7.18885,7.58307,7.54775,7.47933,6.97978,6.91227,6.78535,6.73286,7.55728,7.61364,7.69007,7.17127,8.52666,8.56208,8.68187,8.65814,8.57686,8.67724,8.60354,8.57252,8.58976,8.55962,8.65875,9.42173,9.45766,9.14221,9.98238,9.95063,9.97306,9.61161,9.78759,9.48026,9.49904,9.65288,9.62225,9.44776,9.25852,9.49401,9.63114,10.362,10.3695,11.5789,11.6506,11.5105,11.3486,12.2437,11.9932,12.0179,12.0195,12.0337,12.4123,13.4267,13.8439,13.7048,14.215,14.3407,15.0956,15.1584,14.911,15.0056,15.0329,15.01,15.2671,15.216,15.233,15.0535,15.2511,15.2265,15.1218,15.1347,15.952,15.9661,15.9303,15.0732,15.094,14.9169,15.0443,14.736,14.3987,14.5907,15.0414,16.2034,16.38,16.379,16.2184,17.9008,18.1975,17.8211,18.0644,16.7883,16.6956,16.6552,16.6174,16.7826,16.7819,16.807,16.2797,17.1254,17.3422,17.3725,17.4999,17.2436,16.432,16.4693,16.524,16.3689,16.2413,16.2509,17.1388,16.8389,17.2192,16.7264,16.9274,15.9525,15.9891,16.6508,16.5497,16.3747,16.4661,16.5395,16.701,16.6947,16.5045,16.3752,16.5096,16.5326,16.8277,16.9524,17.037,16.8453,16.6487,16.5903,16.9135,16.7586,16.7902,16.7804,16.7059,17.0084,17.1382,17.146,17.2169,17.4873,17.5625,17.7628,17.7932,17.8793,17.9731,18.0888,18.1402,17.7708,16.1301,16.0533,16.4217,16.2963,16.6801,16.5473,16.5471,16.7703,16.7121,16.6272,16.4999,16.5915,16.4292,16.408,16.5279,16.6853,16.5281,16.5539,16.4712,16.4451,16.0922,16.7595,15.4921,15.541,15.6535,15.7315,16.0271,15.7751,16.0376,16.8298,15.9715,16.4394,16.6078,16.3714,16.1371,16.3995,17.0734,16.9382,16.904,16.7909,16.1551,15.7565,15.0829,15.2043,15.4464,15.3546,15.3966,15.2735,15.0771,15.1125,14.7773,14.6363,14.7436,15.1534,15.8102,15.9714,15.6875,15.6221,15.2492,15.3678,15.2087,15.1265,15.1537,15.0367,13.5189,13.4127,13.4182,13.037,12.7374,12.6539,12.6283,12.1174,12.1157,12.0662,11.6443,11.6549,11.8361,11.9107,12.212,11.8053,11.3814,11.2518,11.1457,10.6195,10.7854,10.9743,10.6174,10.503,10.6961,10.4267,10.5194,10.5806,10.747,10.7474,10.1255,10.0824,10.1719,10.5002,10.1241,9.74622,9.85084,10.0266,10.0697,10.2444,9.9289,9.90168,10.1479,10.0774,10.1197,10.5269,10.16,10.308,10.2824,9.43219,8.8039,8.82643,8.84756,9.2383,9.18502,9.17985,9.00909,9.54337,9.50184,9.06621,9.16598,9.04084,10.2636,10.3222,10.8337,10.8493,11.0838,12.2329,12.2559,11.7844,12.0092,11.8123,11.8782,11.9004,11.8598,12.1999,11.8466,11.2011,11.1528,10.411,10.4611,10.5659,10.8418,10.6913,10.8048,10.7538,10.5763,10.6109,11.2264,11.4648,11.3361,10.973,11.2862,11.0145,10.9286,10.7252,10.2916,10.421,10.5258,10.218,9.18394,9.74496,9.85837,9.7956,10.7724,11.0117,10.9266,11.0416,10.8669,10.3885,9.83355,9.51041,9.20187,9.26307,9.49966,9.55934,9.84687,10.2409,11.3477,11.036,11.226,11.3099,11.4708,13.7299,13.8659,13.6256,13.7043,11.8664,11.7831,11.7508,12.3851,12.3081,12.5551,12.3078,10.8951,11.0443,9.88303,8.89758,8.97505,9.01363,9.31112,9.42721,9.5584,9.39748,9.60571,9.69609,9.71814,10.0967,9.99739,10.366,10.1514,9.97724,10.2183,10.2902,10.8531,10.5835,10.794,10.8219,10.9736
"RNTI 10 Length, Avg, Std:",801,MCS Avg: 15.67,MCS Std: 3.56,SINR Avg: 11.81,SINR Std: 2.81
